bankTransactionId,referenceId,amount,transactionDate,currency,type,status,description
BANK-700002,PAY-100002,2519.2400000000002,2026-07-09T05:25:31.603Z,INR,CREDIT,SETTLED,QuickPay settlement ORD-500002
BANK-700003,PAY-100003,85334.95,2026-08-11T03:53:21.788Z,INR,CREDIT,SETTLED,PayGateway settlement ORD-500003
BANK-700005,PAY-100005,55095.79,2026-08-04T13:19:30.480Z,INR,CREDIT,SETTLED,QuickPay settlement ORD-500005
BANK-700006,PAY-100006,82167.95,2026-08-21T14:14:01.884Z,INR,CREDIT,SETTLED,SyntheticPay settlement ORD-500006
BANK-700007,PAY-100007,2343.28,2026-08-23T15:03:42.579Z,INR,CREDIT,SETTLED,QuickPay settlement ORD-500007
BANK-700008,PAY-100008,38137.73,2026-08-14T11:31:31.569Z,INR,CREDIT,SETTLED,QuickPay settlement ORD-500008
BANK-700009,PAY-100009,99029.72,2026-07-07T23:21:51.344Z,INR,CREDIT,SETTLED,PayGateway settlement ORD-500009
BANK-700010,PAY-100010,12787.41,2026-08-07T05:12:24.376Z,INR,CREDIT,SETTLED,PayGateway settlement ORD-500010
BANK-700011,PAY-100011,21655.33,2026-07-05T03:56:24.261Z,INR,CREDIT,SETTLED,PayGateway settlement ORD-500011
BANK-700012,PAY-100012,88298.32,2026-07-13T18:06:38.695Z,INR,CREDIT,SETTLED,PayGateway settlement ORD-500012
BANK-700013,PAY-100013,33734.44,2026-07-09T21:22:55.112Z,INR,CREDIT,SETTLED,SyntheticPay settlement ORD-500013
BANK-700014,PAY-100014,92159.22,2026-07-30T09:50:52.531Z,INR,CREDIT,SETTLED,SyntheticPay settlement ORD-500014
BANK-700015,PAY-100015,11947.46,2026-07-11T03:50:11.254Z,INR,CREDIT,SETTLED,PayGateway settlement ORD-500015
BANK-700016,PAY-100016,69812.66,2026-07-16T18:57:47.041Z,INR,CREDIT,SETTLED,QuickPay settlement ORD-500016
BANK-700017,PAY-100017,88194.01,2026-08-14T12:39:20.681Z,INR,CREDIT,SETTLED,PayGateway settlement ORD-500017
BANK-700020,PAY-100020,82589.92,2026-08-21T18:45:49.298Z,INR,CREDIT,SETTLED,PayGateway settlement ORD-500020
BANK-700021,PAY-100021,28388.91,2026-08-24T07:10:04.240Z,INR,CREDIT,SETTLED,SyntheticPay settlement ORD-500021
BANK-700022,PAY-100022,31671.24,2026-07-18T02:38:07.674Z,INR,CREDIT,SETTLED,SyntheticPay settlement ORD-500022
BANK-700023,PAY-100023,64833.22,2026-07-31T22:31:41.060Z,INR,CREDIT,SETTLED,PayGateway settlement ORD-500023
BANK-700024,PAY-100024,70102.91,2026-08-07T19:36:30.867Z,INR,CREDIT,SETTLED,PayGateway settlement ORD-500024
BANK-700025,PAY-100025,41890.32,2026-07-18T08:38:59.233Z,INR,CREDIT,SETTLED,QuickPay settlement ORD-500025
BANK-700026,PAY-100026,57178.67,2026-07-03T13:07:29.951Z,INR,CREDIT,SETTLED,PayGateway settlement ORD-500026
BANK-700027,PAY-100027,50270.82,2026-09-01T18:36:07.625Z,INR,CREDIT,SETTLED,QuickPay settlement ORD-500027
BANK-700028,PAY-100028,30950.02,2026-08-29T19:28:49.670Z,INR,CREDIT,SETTLED,PayGateway settlement ORD-500028
BANK-700029,PAY-100029,46005.09,2026-08-31T07:29:38.193Z,INR,CREDIT,SETTLED,PayGateway settlement ORD-500029
BANK-700030,PAY-100030,30393.13,2026-08-13T17:52:55.579Z,INR,CREDIT,SETTLED,SyntheticPay settlement ORD-500030
BANK-700031,PAY-100031,72139.35,2026-07-27T02:10:08.175Z,INR,CREDIT,SETTLED,QuickPay settlement ORD-500031
BANK-700032,PAY-100032,90420.52,2026-08-05T18:03:25.324Z,INR,CREDIT,SETTLED,QuickPay settlement ORD-500032
BANK-700033,PAY-100033,62138.47,2026-07-06T07:54:26.452Z,INR,CREDIT,SETTLED,PayGateway settlement ORD-500033
BANK-700035,PAY-100035,35329.59,2026-08-05T19:41:45.563Z,INR,CREDIT,SETTLED,PayGateway settlement ORD-500035
BANK-700036,PAY-100036,58999.23,2026-07-11T13:43:47.697Z,INR,CREDIT,SETTLED,SyntheticPay settlement ORD-500036
BANK-700037,PAY-100037,28317.07,2026-07-29T05:40:57.731Z,INR,CREDIT,SETTLED,QuickPay settlement ORD-500037
BANK-700038,PAY-100038,59901.97,2026-08-14T17:25:04.471Z,INR,CREDIT,SETTLED,QuickPay settlement ORD-500038
BANK-700039,PAY-100039,88226.76,2026-08-11T23:25:25.147Z,INR,CREDIT,SETTLED,PayGateway settlement ORD-500039
BANK-700040,PAY-100040,27821.54,2026-07-17T05:42:34.840Z,INR,CREDIT,SETTLED,PayGateway settlement ORD-500040
BANK-700041,PAY-100041,44188.91,2026-08-11T06:57:41.597Z,INR,CREDIT,SETTLED,SyntheticPay settlement ORD-500041
BANK-700042,PAY-100042,69291.29,2026-07-23T14:32:32.691Z,INR,CREDIT,SETTLED,PayGateway settlement ORD-500042
BANK-700043,PAY-100043,75388.51,2026-07-20T16:08:24.441Z,INR,CREDIT,SETTLED,QuickPay settlement ORD-500043
BANK-700044,PAY-100044,79564.57,2026-07-13T21:05:30.288Z,INR,CREDIT,SETTLED,PayGateway settlement ORD-500044
BANK-700045,PAY-100045,69793.01,2026-07-29T16:21:52.797Z,INR,CREDIT,SETTLED,QuickPay settlement ORD-500045
BANK-700046,PAY-100046,22831.43,2026-09-01T09:43:36.287Z,INR,CREDIT,SETTLED,PayGateway settlement ORD-500046
BANK-700047,PAY-100047,11954.06,2026-08-06T20:45:39.641Z,INR,CREDIT,SETTLED,SyntheticPay settlement ORD-500047
BANK-700048,PAY-100048,15238.98,2026-09-01T00:45:29.742Z,INR,CREDIT,SETTLED,SyntheticPay settlement ORD-500048
BANK-700049,PAY-100049,22465.53,2026-08-26T00:51:52.476Z,INR,CREDIT,SETTLED,QuickPay settlement ORD-500049
BANK-700050,PAY-100050,9230.43,2026-08-27T18:14:28.803Z,INR,CREDIT,SETTLED,PayGateway settlement ORD-500050
BANK-700051,PAY-100051,89089.22,2026-08-19T04:05:19.016Z,INR,CREDIT,SETTLED,QuickPay settlement ORD-500051
BANK-700053,PAY-100053,42424.79,2026-08-19T09:46:31.258Z,INR,CREDIT,SETTLED,SyntheticPay settlement ORD-500053
BANK-700054,PAY-100054,23109.06,2026-08-22T17:33:20.425Z,INR,CREDIT,SETTLED,PayGateway settlement ORD-500054
BANK-700055,PAY-100055,43446.88,2026-07-10T10:07:33.188Z,INR,CREDIT,SETTLED,SyntheticPay settlement ORD-500055
BANK-700056,PAY-100056,44913.85,2026-07-25T05:40:10.003Z,INR,CREDIT,SETTLED,SyntheticPay settlement ORD-500056
BANK-700057,PAY-100057,23252.19,2026-08-19T13:14:04.207Z,INR,CREDIT,SETTLED,QuickPay settlement ORD-500057
BANK-700058,PAY-100058,18469.02,2026-07-22T01:09:29.343Z,INR,CREDIT,SETTLED,QuickPay settlement ORD-500058
BANK-700060,PAY-100060,4185.69,2026-07-09T13:55:54.407Z,INR,CREDIT,SETTLED,SyntheticPay settlement ORD-500060
BANK-700061,PAY-100061,25961.42,2026-08-14T11:33:07.665Z,INR,CREDIT,SETTLED,QuickPay settlement ORD-500061
BANK-700062,PAY-100062,18062.28,2026-08-16T23:01:27.496Z,INR,CREDIT,SETTLED,PayGateway settlement ORD-500062
BANK-700063,PAY-100063,98160.99,2026-07-29T00:06:39.938Z,INR,CREDIT,SETTLED,QuickPay settlement ORD-500063
BANK-700064,PAY-100064,19696.48,2026-08-02T02:10:08.996Z,INR,CREDIT,SETTLED,QuickPay settlement ORD-500064
BANK-700065,PAY-100065,23522.95,2026-08-25T13:48:07.961Z,INR,CREDIT,SETTLED,SyntheticPay settlement ORD-500065
BANK-700066,PAY-100066,92909.8,2026-08-12T09:36:30.684Z,INR,CREDIT,SETTLED,QuickPay settlement ORD-500066
BANK-700067,PAY-100067,34639.43,2026-08-18T21:09:34.228Z,INR,CREDIT,SETTLED,SyntheticPay settlement ORD-500067
BANK-700068,PAY-100068,7846.14,2026-08-24T03:13:58.619Z,INR,CREDIT,SETTLED,QuickPay settlement ORD-500068
BANK-700069,PAY-100069,45086.17,2026-07-10T18:01:51.996Z,INR,CREDIT,SETTLED,PayGateway settlement ORD-500069
BANK-700070,PAY-100070,51193.3,2026-07-15T10:14:03.067Z,INR,CREDIT,SETTLED,SyntheticPay settlement ORD-500070
BANK-700072,PAY-100072,39297.98,2026-08-25T07:43:37.243Z,INR,CREDIT,SETTLED,PayGateway settlement ORD-500072
BANK-700073,PAY-100073,15916.15,2026-07-14T11:27:29.711Z,INR,CREDIT,SETTLED,SyntheticPay settlement ORD-500073
BANK-700074,PAY-100074,99318.4,2026-08-20T02:45:26.031Z,INR,CREDIT,SETTLED,PayGateway settlement ORD-500074
BANK-700076,PAY-100076,22553.5,2026-07-22T18:15:40.259Z,INR,CREDIT,SETTLED,PayGateway settlement ORD-500076
BANK-700077,PAY-100077,12637.49,2026-08-21T15:02:38.413Z,INR,CREDIT,SETTLED,PayGateway settlement ORD-500077
BANK-700078,PAY-100078,66622.55,2026-08-20T09:22:41.423Z,INR,CREDIT,SETTLED,PayGateway settlement ORD-500078
BANK-700079,PAY-100079,88761.47,2026-08-13T15:05:05.231Z,INR,CREDIT,SETTLED,PayGateway settlement ORD-500079
BANK-700080,PAY-100080,15511.85,2026-07-22T01:32:26.162Z,INR,CREDIT,SETTLED,SyntheticPay settlement ORD-500080
BANK-700082,PAY-100082,4976.29,2026-08-17T11:28:39.177Z,INR,CREDIT,SETTLED,PayGateway settlement ORD-500082
BANK-700083,PAY-100083,38386.23,2026-07-19T09:43:31.579Z,INR,CREDIT,SETTLED,SyntheticPay settlement ORD-500083
BANK-700084,PAY-100084,92649.89,2026-07-21T10:09:57.604Z,INR,CREDIT,SETTLED,QuickPay settlement ORD-500084
BANK-700085,PAY-100085,78673.64,2026-08-11T04:12:54.001Z,INR,CREDIT,SETTLED,SyntheticPay settlement ORD-500085
BANK-700087,PAY-100087,39390.25,2026-07-10T22:02:43.906Z,INR,CREDIT,SETTLED,PayGateway settlement ORD-500087
BANK-700088,PAY-100088,19133.81,2026-07-20T08:01:11.823Z,INR,CREDIT,SETTLED,PayGateway settlement ORD-500088
BANK-700089,PAY-100089,59894.81,2026-07-07T00:10:37.630Z,INR,CREDIT,SETTLED,SyntheticPay settlement ORD-500089
BANK-700090,PAY-100090,88602.48,2026-08-11T10:42:38.251Z,INR,CREDIT,SETTLED,SyntheticPay settlement ORD-500090
BANK-700091,PAY-100091,5565.76,2026-08-19T11:07:50.675Z,INR,CREDIT,SETTLED,SyntheticPay settlement ORD-500091
BANK-700092,PAY-100092,7148.25,2026-08-05T19:06:50.452Z,INR,CREDIT,SETTLED,SyntheticPay settlement ORD-500092
BANK-700094,PAY-100094,77113.51000000001,2026-08-07T21:51:09.660Z,INR,CREDIT,SETTLED,PayGateway settlement ORD-500094
BANK-700095,PAY-100095,63407.53,2026-07-30T00:24:53.554Z,INR,CREDIT,SETTLED,PayGateway settlement ORD-500095
BANK-700096,PAY-100096,58503.78,2026-08-27T01:46:18.693Z,INR,CREDIT,SETTLED,SyntheticPay settlement ORD-500096
BANK-700097,PAY-100097,48056.9,2026-08-24T19:14:28.523Z,INR,CREDIT,SETTLED,PayGateway settlement ORD-500097
BANK-700098,PAY-100098,33643.9,2026-08-22T09:19:29.469Z,INR,CREDIT,SETTLED,QuickPay settlement ORD-500098
BANK-700100,PAY-100100,17958.79,2026-08-03T08:01:23.875Z,INR,CREDIT,SETTLED,PayGateway settlement ORD-500100
BANK-700101,PAY-100101,34667.439999999995,2026-08-30T14:46:18.198Z,INR,CREDIT,SETTLED,PayGateway settlement ORD-500101
BANK-700102,PAY-100102,29518.2,2026-07-26T00:00:35.409Z,INR,CREDIT,SETTLED,SyntheticPay settlement ORD-500102
BANK-700104,PAY-100104,89066.64,2026-08-09T18:05:03.384Z,INR,CREDIT,SETTLED,PayGateway settlement ORD-500104
BANK-700105,PAY-100105,75148.97,2026-07-18T17:59:24.361Z,INR,CREDIT,SETTLED,QuickPay settlement ORD-500105
BANK-700106,PAY-100106,834.63,2026-07-09T21:28:30.878Z,INR,CREDIT,SETTLED,SyntheticPay settlement ORD-500106
BANK-700107,PAY-100107,69376.96,2026-07-19T01:15:15.740Z,INR,CREDIT,SETTLED,SyntheticPay settlement ORD-500107
BANK-700108,PAY-100108,90834.06,2026-07-10T21:47:51.967Z,INR,CREDIT,SETTLED,PayGateway settlement ORD-500108
BANK-700109,PAY-100109,45153.65,2026-09-01T04:02:24.382Z,INR,CREDIT,SETTLED,SyntheticPay settlement ORD-500109
BANK-700110,PAY-100110,74085.01,2026-08-31T18:28:23.175Z,INR,CREDIT,SETTLED,QuickPay settlement ORD-500110
BANK-700112,PAY-100112,54151.71,2026-08-13T12:54:38.412Z,INR,CREDIT,SETTLED,QuickPay settlement ORD-500112
BANK-700113,PAY-100113,6672.21,2026-08-18T11:18:56.394Z,INR,CREDIT,SETTLED,PayGateway settlement ORD-500113
BANK-700114,PAY-100114,83510.25,2026-08-20T15:27:46.118Z,INR,CREDIT,SETTLED,PayGateway settlement ORD-500114
BANK-700115,PAY-100115,54601.67,2026-08-29T09:19:13.604Z,INR,CREDIT,SETTLED,SyntheticPay settlement ORD-500115
BANK-700116,PAY-100116,86632.84,2026-08-16T00:03:41.601Z,INR,CREDIT,SETTLED,PayGateway settlement ORD-500116
BANK-700117,PAY-100117,36320.85,2026-07-18T02:19:32.389Z,INR,CREDIT,SETTLED,QuickPay settlement ORD-500117
BANK-700118,PAY-100118,15663.46,2026-08-08T20:01:57.042Z,INR,CREDIT,SETTLED,PayGateway settlement ORD-500118
BANK-700119,PAY-100119,84235.72,2026-07-22T08:38:57.513Z,INR,CREDIT,SETTLED,PayGateway settlement ORD-500119
BANK-700120,PAY-100120,56870.99,2026-08-18T00:21:15.939Z,INR,CREDIT,SETTLED,PayGateway settlement ORD-500120
BANK-700121,PAY-100121,44954.95,2026-08-16T01:03:03.175Z,INR,CREDIT,SETTLED,QuickPay settlement ORD-500121
BANK-700122,PAY-100122,44572.27,2026-08-08T08:05:38.160Z,INR,CREDIT,SETTLED,QuickPay settlement ORD-500122
BANK-700123,PAY-100123,92522.07,2026-08-03T08:00:20.852Z,INR,CREDIT,SETTLED,SyntheticPay settlement ORD-500123
BANK-700124,PAY-100124,73523.15,2026-07-19T11:23:36.164Z,INR,CREDIT,SETTLED,SyntheticPay settlement ORD-500124
BANK-700126,PAY-100126,50648.34,2026-08-14T01:43:32.308Z,INR,CREDIT,SETTLED,PayGateway settlement ORD-500126
BANK-700127,PAY-100127,81010.36,2026-09-13T09:24:40.820Z,INR,CREDIT,SETTLED,QuickPay settlement ORD-500127
BANK-700128,PAY-100128,63736.16,2026-08-24T11:39:11.523Z,INR,CREDIT,SETTLED,PayGateway settlement ORD-500128
BANK-700129,PAY-100129,38632.93,2026-07-13T01:30:59.311Z,INR,CREDIT,SETTLED,QuickPay settlement ORD-500129
BANK-700130,PAY-100130,32018.08,2026-08-29T16:32:23.062Z,INR,CREDIT,SETTLED,PayGateway settlement ORD-500130
BANK-700131,PAY-100131,61646.66,2026-08-06T03:11:38.411Z,INR,CREDIT,SETTLED,QuickPay settlement ORD-500131
BANK-700132,PAY-100132,72081.52,2026-08-14T21:03:39.326Z,INR,CREDIT,SETTLED,PayGateway settlement ORD-500132
BANK-700133,PAY-100133,16735.91,2026-08-18T19:10:51.255Z,INR,CREDIT,SETTLED,PayGateway settlement ORD-500133
BANK-700134,PAY-100134,51082.61,2026-07-12T21:26:49.229Z,INR,CREDIT,SETTLED,SyntheticPay settlement ORD-500134
BANK-700135,PAY-100135,83779,2026-08-07T09:08:46.195Z,INR,CREDIT,SETTLED,QuickPay settlement ORD-500135
BANK-700136,PAY-100136,39094.31,2026-07-13T19:39:47.875Z,INR,CREDIT,SETTLED,PayGateway settlement ORD-500136
BANK-700137,PAY-100137,96956.86,2026-09-01T00:34:04.218Z,INR,CREDIT,SETTLED,SyntheticPay settlement ORD-500137
BANK-700138,PAY-100138,79210.6,2026-08-22T11:41:43.719Z,INR,CREDIT,SETTLED,SyntheticPay settlement ORD-500138
BANK-700139,PAY-100139,88776.66,2026-08-08T20:06:42.952Z,INR,CREDIT,SETTLED,PayGateway settlement ORD-500139
BANK-700140,PAY-100140,28717.37,2026-08-31T08:15:18.774Z,INR,CREDIT,SETTLED,SyntheticPay settlement ORD-500140
BANK-700141,PAY-100141,89550.71,2026-08-16T16:50:53.126Z,INR,CREDIT,SETTLED,QuickPay settlement ORD-500141
BANK-700142,PAY-100142,28450.91,2026-07-06T14:03:26.776Z,INR,CREDIT,SETTLED,SyntheticPay settlement ORD-500142
BANK-700144,PAY-100144,10882.46,2026-07-18T20:50:38.601Z,INR,CREDIT,SETTLED,SyntheticPay settlement ORD-500144
BANK-700146,PAY-100146,84213.48,2026-08-18T17:02:23.610Z,INR,CREDIT,SETTLED,SyntheticPay settlement ORD-500146
BANK-700147,PAY-100147,78578.45,2026-09-01T09:15:05.635Z,INR,CREDIT,SETTLED,SyntheticPay settlement ORD-500147
BANK-700149,PAY-100149,3425.23,2026-08-29T02:49:16.347Z,INR,CREDIT,SETTLED,PayGateway settlement ORD-500149
BANK-700150,PAY-100150,79241.95,2026-07-21T16:59:36.377Z,INR,CREDIT,SETTLED,PayGateway settlement ORD-500150
BANK-700151,PAY-100151,11316.63,2026-07-10T18:10:28.303Z,INR,CREDIT,SETTLED,PayGateway settlement ORD-500151
BANK-700152,PAY-100152,67700.77,2026-08-08T10:44:31.958Z,INR,CREDIT,SETTLED,PayGateway settlement ORD-500152
BANK-700153,PAY-100153,85417.79,2026-07-12T16:18:14.511Z,INR,CREDIT,SETTLED,SyntheticPay settlement ORD-500153
BANK-700154,PAY-100154,70776.35,2026-08-31T16:59:40.553Z,INR,CREDIT,SETTLED,SyntheticPay settlement ORD-500154
BANK-700155,PAY-100155,98549.81,2026-08-02T11:47:30.860Z,INR,CREDIT,SETTLED,QuickPay settlement ORD-500155
BANK-700156,PAY-100156,8256.31,2026-07-17T03:30:39.903Z,INR,CREDIT,SETTLED,PayGateway settlement ORD-500156
BANK-700157,PAY-100157,324.03,2026-07-19T21:42:58.123Z,INR,CREDIT,SETTLED,PayGateway settlement ORD-500157
BANK-700158,PAY-100158,12079.48,2026-07-11T13:22:35.672Z,INR,CREDIT,SETTLED,QuickPay settlement ORD-500158
BANK-700160,PAY-100160,87404.54,2026-07-18T20:58:34.597Z,INR,CREDIT,SETTLED,QuickPay settlement ORD-500160
BANK-700161,PAY-100161,62042.09,2026-07-07T14:47:41.499Z,INR,CREDIT,SETTLED,QuickPay settlement ORD-500161
BANK-700162,PAY-100162,30875.19,2026-07-18T10:47:00.448Z,INR,CREDIT,SETTLED,PayGateway settlement ORD-500162
BANK-700163,PAY-100163,20979.87,2026-08-06T08:31:15.026Z,INR,CREDIT,SETTLED,PayGateway settlement ORD-500163
BANK-700164,PAY-100164,73350.83,2026-08-03T11:40:50.831Z,INR,CREDIT,SETTLED,SyntheticPay settlement ORD-500164
BANK-700165,PAY-100165,97784.21,2026-08-25T17:24:36.092Z,INR,CREDIT,SETTLED,PayGateway settlement ORD-500165
BANK-700166,PAY-100166,55022.16,2026-07-31T16:37:22.263Z,INR,CREDIT,SETTLED,PayGateway settlement ORD-500166
BANK-700167,PAY-100167,19523.23,2026-07-17T16:55:55.314Z,INR,CREDIT,SETTLED,QuickPay settlement ORD-500167
BANK-700168,PAY-100168,96314.97,2026-07-13T01:43:15.324Z,INR,CREDIT,SETTLED,QuickPay settlement ORD-500168
BANK-700169,PAY-100169,70823.68,2026-07-28T22:04:37.953Z,INR,CREDIT,SETTLED,PayGateway settlement ORD-500169
BANK-700171,PAY-100171,20302.83,2026-07-10T04:15:25.268Z,INR,CREDIT,SETTLED,SyntheticPay settlement ORD-500171
BANK-700172,PAY-100172,50356.73,2026-08-29T14:33:44.036Z,INR,CREDIT,SETTLED,QuickPay settlement ORD-500172
BANK-700173,PAY-100173,7161.34,2026-08-26T13:50:17.068Z,INR,CREDIT,SETTLED,PayGateway settlement ORD-500173
BANK-700174,PAY-100174,45632.07,2026-08-27T12:33:07.463Z,INR,CREDIT,SETTLED,SyntheticPay settlement ORD-500174
BANK-700175,PAY-100175,63152.42,2026-07-05T09:45:43.193Z,INR,CREDIT,SETTLED,PayGateway settlement ORD-500175
BANK-700176,PAY-100176,60248.63,2026-08-06T05:41:28.838Z,INR,CREDIT,SETTLED,PayGateway settlement ORD-500176
BANK-700177,PAY-100177,70578.54,2026-07-10T03:52:58.561Z,INR,CREDIT,SETTLED,QuickPay settlement ORD-500177
BANK-700178,PAY-100178,3333.52,2026-08-26T00:25:35.638Z,INR,CREDIT,SETTLED,PayGateway settlement ORD-500178
BANK-700179,PAY-100179,27745.41,2026-07-10T11:46:18.218Z,INR,CREDIT,SETTLED,PayGateway settlement ORD-500179
BANK-700181,PAY-100181,57119.07,2026-08-08T15:17:25.794Z,INR,CREDIT,SETTLED,QuickPay settlement ORD-500181
BANK-700182,PAY-100182,912.03,2026-08-11T22:59:50.043Z,INR,CREDIT,SETTLED,PayGateway settlement ORD-500182
BANK-700183,PAY-100183,55127.25,2026-08-10T04:44:00.576Z,INR,CREDIT,SETTLED,PayGateway settlement ORD-500183
BANK-700184,PAY-100184,6465.71,2026-07-23T01:37:39.489Z,INR,CREDIT,SETTLED,QuickPay settlement ORD-500184
BANK-700185,PAY-100185,2616.96,2026-07-27T15:15:35.314Z,INR,CREDIT,SETTLED,QuickPay settlement ORD-500185
BANK-700186,PAY-100186,59717.33,2026-08-23T22:28:26.915Z,INR,CREDIT,SETTLED,PayGateway settlement ORD-500186
BANK-700187,PAY-100187,41368.05,2026-07-05T07:12:38.746Z,INR,CREDIT,SETTLED,SyntheticPay settlement ORD-500187
BANK-700189,PAY-100189,25462.56,2026-07-28T10:12:33.697Z,INR,CREDIT,SETTLED,PayGateway settlement ORD-500189
BANK-700190,PAY-100190,69111.66,2026-07-19T02:54:49.988Z,INR,CREDIT,SETTLED,PayGateway settlement ORD-500190
BANK-700191,PAY-100191,84265.09,2026-07-31T04:10:53.485Z,INR,CREDIT,SETTLED,SyntheticPay settlement ORD-500191
BANK-700192,PAY-100192,76937.03,2026-09-02T13:16:45.025Z,INR,CREDIT,SETTLED,PayGateway settlement ORD-500192
BANK-700193,PAY-100193,49273.89,2026-07-19T22:07:06.256Z,INR,CREDIT,SETTLED,PayGateway settlement ORD-500193
BANK-700194,PAY-100194,30812.78,2026-08-09T16:57:40.613Z,INR,CREDIT,SETTLED,PayGateway settlement ORD-500194
BANK-700195,PAY-100195,92699.91,2026-07-26T01:00:58.717Z,INR,CREDIT,SETTLED,QuickPay settlement ORD-500195
BANK-700196,PAY-100196,45095.42,2026-07-15T21:35:34.249Z,INR,CREDIT,SETTLED,PayGateway settlement ORD-500196
BANK-700197,PAY-100197,75115.63,2026-07-16T06:29:07.630Z,INR,CREDIT,SETTLED,SyntheticPay settlement ORD-500197
BANK-700198,PAY-100198,63202.18,2026-07-13T02:59:22.244Z,INR,CREDIT,SETTLED,QuickPay settlement ORD-500198
BANK-700199,PAY-100199,89929.67,2026-08-17T12:30:39.313Z,INR,CREDIT,SETTLED,QuickPay settlement ORD-500199
BANK-700200,PAY-100200,13429.76,2026-08-25T07:53:20.342Z,INR,CREDIT,SETTLED,QuickPay settlement ORD-500200
BANK-700201,PAY-100201,99482.84,2026-07-23T18:16:44.239Z,INR,CREDIT,SETTLED,SyntheticPay settlement ORD-500201
BANK-700202,PAY-100202,29047.51,2026-07-24T05:30:49.314Z,INR,CREDIT,SETTLED,SyntheticPay settlement ORD-500202
BANK-700203,PAY-100203,69767.53,2026-07-23T08:20:55.736Z,INR,CREDIT,SETTLED,SyntheticPay settlement ORD-500203
BANK-700204,PAY-100204,40547.64,2026-07-07T18:01:21.113Z,INR,CREDIT,SETTLED,QuickPay settlement ORD-500204
BANK-700205,PAY-100205,97941.61,2026-07-16T02:15:18.627Z,INR,CREDIT,SETTLED,QuickPay settlement ORD-500205
BANK-700206,PAY-100206,74519.97,2026-07-04T21:45:10.467Z,INR,CREDIT,SETTLED,PayGateway settlement ORD-500206
BANK-700207,PAY-100207,87781.61,2026-08-06T10:22:05.568Z,INR,CREDIT,SETTLED,PayGateway settlement ORD-500207
BANK-700208,PAY-100208,72411.9,2026-08-28T14:10:41.233Z,INR,CREDIT,SETTLED,SyntheticPay settlement ORD-500208
BANK-700210,PAY-100210,95554.85,2026-07-08T19:12:56.185Z,INR,CREDIT,SETTLED,QuickPay settlement ORD-500210
BANK-700212,PAY-100212,99855.13,2026-08-20T09:25:13.273Z,INR,CREDIT,SETTLED,QuickPay settlement ORD-500212
BANK-700213,PAY-100213,63808.04,2026-08-03T12:11:50.653Z,INR,CREDIT,SETTLED,SyntheticPay settlement ORD-500213
BANK-700214,PAY-100214,68678.86,2026-08-23T03:11:00.774Z,INR,CREDIT,SETTLED,PayGateway settlement ORD-500214
BANK-700215,PAY-100215,52122.8,2026-08-01T20:18:48.626Z,INR,CREDIT,SETTLED,PayGateway settlement ORD-500215
BANK-700216,PAY-100216,73075.57,2026-09-01T13:49:48.144Z,INR,CREDIT,SETTLED,QuickPay settlement ORD-500216
BANK-700217,PAY-100217,31534.55,2026-07-28T08:06:59.252Z,INR,CREDIT,SETTLED,SyntheticPay settlement ORD-500217
BANK-700218,PAY-100218,11602.53,2026-07-29T18:58:08.730Z,INR,CREDIT,SETTLED,PayGateway settlement ORD-500218
BANK-700219,PAY-100219,65131.83,2026-07-25T10:51:32.557Z,INR,CREDIT,SETTLED,PayGateway settlement ORD-500219
BANK-700220,PAY-100220,48813.13,2026-08-28T04:06:04.900Z,INR,CREDIT,SETTLED,PayGateway settlement ORD-500220
BANK-700221,PAY-100221,76195.08,2026-07-20T05:19:49.350Z,INR,CREDIT,SETTLED,SyntheticPay settlement ORD-500221
BANK-700222,PAY-100222,62151.2,2026-07-03T03:49:15.490Z,INR,CREDIT,SETTLED,SyntheticPay settlement ORD-500222
BANK-700223,PAY-100223,54234.46,2026-08-26T23:59:32.480Z,INR,CREDIT,SETTLED,QuickPay settlement ORD-500223
BANK-700224,PAY-100224,74978.94,2026-08-18T14:28:29.915Z,INR,CREDIT,SETTLED,PayGateway settlement ORD-500224
BANK-700225,PAY-100225,95216.23,2026-08-11T15:24:14.756Z,INR,CREDIT,SETTLED,QuickPay settlement ORD-500225
BANK-700226,PAY-100226,90183.09,2026-08-10T09:21:12.540Z,INR,CREDIT,SETTLED,QuickPay settlement ORD-500226
BANK-700227,PAY-100227,34239.53,2026-08-12T18:44:45.032Z,INR,CREDIT,SETTLED,QuickPay settlement ORD-500227
BANK-700228,PAY-100228,30936.18,2026-08-05T20:52:55.440Z,INR,CREDIT,SETTLED,PayGateway settlement ORD-500228
BANK-700229,PAY-100229,34447.58,2026-07-09T18:18:30.791Z,INR,CREDIT,SETTLED,SyntheticPay settlement ORD-500229
BANK-700230,PAY-100230,80317.67,2026-07-07T01:22:26.908Z,INR,CREDIT,SETTLED,PayGateway settlement ORD-500230
BANK-700231,PAY-100231,57309,2026-08-24T18:48:27.489Z,INR,CREDIT,SETTLED,PayGateway settlement ORD-500231
BANK-700232,PAY-100232,87907.04,2026-07-28T16:10:27.535Z,INR,CREDIT,SETTLED,SyntheticPay settlement ORD-500232
BANK-700233,PAY-100233,482.1,2026-07-16T13:48:31.748Z,INR,CREDIT,SETTLED,QuickPay settlement ORD-500233
BANK-700234,PAY-100234,50773.09,2026-07-10T09:59:05.037Z,INR,CREDIT,SETTLED,PayGateway settlement ORD-500234
BANK-700235,PAY-100235,69918.74,2026-08-29T22:55:17.402Z,INR,CREDIT,SETTLED,PayGateway settlement ORD-500235
BANK-700236,PAY-100236,54227.78,2026-07-14T08:18:53.366Z,INR,CREDIT,SETTLED,SyntheticPay settlement ORD-500236
BANK-700237,PAY-100237,1571.05,2026-08-05T12:13:10.229Z,INR,CREDIT,SETTLED,SyntheticPay settlement ORD-500237
BANK-700238,PAY-100238,96785.79,2026-07-16T16:49:51.025Z,INR,CREDIT,SETTLED,QuickPay settlement ORD-500238
BANK-700239,PAY-100239,67275.57,2026-07-22T22:05:29.131Z,INR,CREDIT,SETTLED,SyntheticPay settlement ORD-500239
BANK-700240,PAY-100240,12751.19,2026-09-15T15:24:17.895Z,INR,CREDIT,SETTLED,SyntheticPay settlement ORD-500240
BANK-700241,PAY-100241,61700.44,2026-09-01T18:54:08.354Z,INR,CREDIT,SETTLED,PayGateway settlement ORD-500241
BANK-700242,PAY-100242,73161,2026-08-02T04:22:29.237Z,INR,CREDIT,SETTLED,QuickPay settlement ORD-500242
BANK-700243,PAY-100243,53494.95,2026-07-29T12:57:57.235Z,INR,CREDIT,SETTLED,PayGateway settlement ORD-500243
BANK-700245,PAY-100245,78771.31,2026-08-15T00:52:50.847Z,INR,CREDIT,SETTLED,QuickPay settlement ORD-500245
BANK-700246,PAY-100246,53877.3,2026-08-26T22:04:01.304Z,INR,CREDIT,SETTLED,SyntheticPay settlement ORD-500246
BANK-700247,PAY-100247,40119.43,2026-07-06T22:46:36.750Z,INR,CREDIT,SETTLED,PayGateway settlement ORD-500247
BANK-700248,PAY-100248,13207.28,2026-07-19T22:32:37.529Z,INR,CREDIT,SETTLED,QuickPay settlement ORD-500248
BANK-700249,PAY-100249,21252.83,2026-08-22T21:56:50.000Z,INR,CREDIT,SETTLED,QuickPay settlement ORD-500249
BANK-700250,PAY-100250,34343.94,2026-07-12T10:17:27.484Z,INR,CREDIT,SETTLED,QuickPay settlement ORD-500250
BANK-700251,PAY-100251,40468.78,2026-08-11T23:12:30.340Z,INR,CREDIT,SETTLED,SyntheticPay settlement ORD-500251
BANK-700252,PAY-100252,15716.81,2026-08-21T03:55:52.875Z,INR,CREDIT,SETTLED,QuickPay settlement ORD-500252
BANK-700253,PAY-100253,86437.82,2026-08-19T18:38:12.505Z,INR,CREDIT,SETTLED,QuickPay settlement ORD-500253
BANK-700254,PAY-100254,64184.15,2026-08-31T16:57:22.413Z,INR,CREDIT,SETTLED,PayGateway settlement ORD-500254
BANK-700255,PAY-100255,45195.03,2026-07-11T00:34:12.310Z,INR,CREDIT,SETTLED,QuickPay settlement ORD-500255
BANK-700256,PAY-100256,19592.76,2026-08-11T20:51:06.376Z,INR,CREDIT,SETTLED,QuickPay settlement ORD-500256
BANK-700257,PAY-100257,59055.49,2026-07-26T15:26:38.169Z,INR,CREDIT,SETTLED,PayGateway settlement ORD-500257
BANK-700258,PAY-100258,25393.03,2026-08-20T07:36:55.213Z,INR,CREDIT,SETTLED,SyntheticPay settlement ORD-500258
BANK-700259,PAY-100259,79117.43,2026-08-25T23:38:59.518Z,INR,CREDIT,SETTLED,SyntheticPay settlement ORD-500259
BANK-700260,PAY-100260,94786.19,2026-07-31T04:00:30.264Z,INR,CREDIT,SETTLED,QuickPay settlement ORD-500260
BANK-700261,PAY-100261,50570.92,2026-07-30T23:39:20.497Z,INR,CREDIT,SETTLED,SyntheticPay settlement ORD-500261
BANK-700262,PAY-100262,93893.33,2026-09-10T11:58:43.988Z,INR,CREDIT,SETTLED,SyntheticPay settlement ORD-500262
BANK-700263,PAY-100263,85132.83,2026-07-25T12:37:19.137Z,INR,CREDIT,SETTLED,QuickPay settlement ORD-500263
BANK-700264,PAY-100264,63082.35,2026-07-29T10:57:31.516Z,INR,CREDIT,SETTLED,QuickPay settlement ORD-500264
BANK-700265,PAY-100265,4901.18,2026-07-25T02:10:39.151Z,INR,CREDIT,SETTLED,PayGateway settlement ORD-500265
BANK-700266,PAY-100266,50387.63,2026-07-10T11:42:14.692Z,INR,CREDIT,SETTLED,PayGateway settlement ORD-500266
BANK-700267,PAY-100267,79840.39,2026-08-03T22:23:03.313Z,INR,CREDIT,SETTLED,QuickPay settlement ORD-500267
BANK-700268,PAY-100268,16777.02,2026-08-24T11:29:34.155Z,INR,CREDIT,SETTLED,QuickPay settlement ORD-500268
BANK-700269,PAY-100269,96052.64,2026-08-19T00:43:34.293Z,INR,CREDIT,SETTLED,SyntheticPay settlement ORD-500269
BANK-700270,PAY-100270,26980.41,2026-08-23T12:19:54.371Z,INR,CREDIT,SETTLED,QuickPay settlement ORD-500270
BANK-700271,PAY-100271,71839.89,2026-08-02T11:42:00.679Z,INR,CREDIT,SETTLED,QuickPay settlement ORD-500271
BANK-700272,PAY-100272,41762.57,2026-08-03T20:50:50.933Z,INR,CREDIT,SETTLED,PayGateway settlement ORD-500272
BANK-700273,PAY-100273,62509.12,2026-08-16T11:45:52.788Z,INR,CREDIT,SETTLED,SyntheticPay settlement ORD-500273
BANK-700274,PAY-100274,6318.26,2026-08-02T04:14:48.777Z,INR,CREDIT,SETTLED,SyntheticPay settlement ORD-500274
BANK-700275,PAY-100275,47664.92,2026-08-29T19:31:14.762Z,INR,CREDIT,SETTLED,SyntheticPay settlement ORD-500275
BANK-700276,PAY-100276,70659.57,2026-07-14T12:37:54.384Z,INR,CREDIT,SETTLED,QuickPay settlement ORD-500276
BANK-700277,PAY-100277,46461.43,2026-07-30T23:33:16.295Z,INR,CREDIT,SETTLED,QuickPay settlement ORD-500277
BANK-700278,PAY-100278,10003.73,2026-08-19T03:32:14.367Z,INR,CREDIT,SETTLED,PayGateway settlement ORD-500278
BANK-700279,PAY-100279,58494.22,2026-07-25T19:51:39.248Z,INR,CREDIT,SETTLED,QuickPay settlement ORD-500279
BANK-700281,PAY-100281,36095.38,2026-07-07T04:42:01.226Z,INR,CREDIT,SETTLED,QuickPay settlement ORD-500281
BANK-700282,PAY-100282,43858.25,2026-08-08T09:37:34.660Z,INR,CREDIT,SETTLED,PayGateway settlement ORD-500282
BANK-700283,PAY-100283,65795.71,2026-08-27T04:36:20.141Z,INR,CREDIT,SETTLED,QuickPay settlement ORD-500283
BANK-700284,PAY-100284,69982.8,2026-07-10T10:18:52.314Z,INR,CREDIT,SETTLED,SyntheticPay settlement ORD-500284
BANK-700285,PAY-100285,29130.48,2026-07-31T12:33:40.584Z,INR,CREDIT,SETTLED,QuickPay settlement ORD-500285
BANK-700286,PAY-100286,81076.2,2026-07-16T10:33:10.990Z,INR,CREDIT,SETTLED,QuickPay settlement ORD-500286
BANK-700287,PAY-100287,28232.87,2026-08-10T09:37:14.775Z,INR,CREDIT,SETTLED,PayGateway settlement ORD-500287
BANK-700288,PAY-100288,43958.15,2026-08-24T23:04:21.518Z,INR,CREDIT,SETTLED,QuickPay settlement ORD-500288
BANK-700289,PAY-100289,63776.47,2026-08-21T23:54:17.669Z,INR,CREDIT,SETTLED,SyntheticPay settlement ORD-500289
BANK-700290,PAY-100290,10304.22,2026-07-30T04:46:37.617Z,INR,CREDIT,SETTLED,PayGateway settlement ORD-500290
BANK-700291,PAY-100291,37838.23,2026-08-22T21:32:37.722Z,INR,CREDIT,SETTLED,PayGateway settlement ORD-500291
BANK-700292,PAY-100292,21150.7,2026-07-23T13:48:24.579Z,INR,CREDIT,SETTLED,SyntheticPay settlement ORD-500292
BANK-700293,PAY-100293,87449.94,2026-08-17T04:10:41.669Z,INR,CREDIT,SETTLED,SyntheticPay settlement ORD-500293
BANK-700295,PAY-100295,38733.72,2026-08-17T20:37:43.557Z,INR,CREDIT,SETTLED,PayGateway settlement ORD-500295
BANK-700296,PAY-100296,27258.4,2026-07-18T06:59:56.892Z,INR,CREDIT,SETTLED,QuickPay settlement ORD-500296
BANK-700297,PAY-100297,58168.26,2026-08-22T17:46:15.121Z,INR,CREDIT,SETTLED,PayGateway settlement ORD-500297
BANK-700299,PAY-100299,85252.34,2026-07-02T13:01:16.515Z,INR,CREDIT,SETTLED,QuickPay settlement ORD-500299
BANK-700300,PAY-100300,23717.42,2026-08-08T17:59:06.836Z,INR,CREDIT,SETTLED,PayGateway settlement ORD-500300
BANK-700301,PAY-100301,99112.78,2026-08-12T19:38:43.242Z,INR,CREDIT,SETTLED,SyntheticPay settlement ORD-500301
BANK-700302,PAY-100302,12059.619999999999,2026-08-14T14:10:35.738Z,INR,CREDIT,SETTLED,PayGateway settlement ORD-500302
BANK-700303,PAY-100303,23391.12,2026-07-24T07:50:17.009Z,INR,CREDIT,SETTLED,SyntheticPay settlement ORD-500303
BANK-700304,PAY-100304,15559.31,2026-07-07T12:21:22.456Z,INR,CREDIT,SETTLED,QuickPay settlement ORD-500304
BANK-700305,PAY-100305,52328.83,2026-08-14T06:42:35.145Z,INR,CREDIT,SETTLED,QuickPay settlement ORD-500305
BANK-700306,PAY-100306,22840.58,2026-07-09T16:32:58.790Z,INR,CREDIT,SETTLED,SyntheticPay settlement ORD-500306
BANK-700308,PAY-100308,2101.18,2026-07-21T20:04:17.517Z,INR,CREDIT,SETTLED,SyntheticPay settlement ORD-500308
BANK-700309,PAY-100309,304.42,2026-08-17T13:18:26.922Z,INR,CREDIT,SETTLED,QuickPay settlement ORD-500309
BANK-700310,PAY-100310,74756.86,2026-07-29T18:51:32.698Z,INR,CREDIT,SETTLED,PayGateway settlement ORD-500310
BANK-700311,PAY-100311,48285.21,2026-07-06T21:10:40.413Z,INR,CREDIT,SETTLED,QuickPay settlement ORD-500311
BANK-700312,PAY-100312,21779.98,2026-07-03T10:09:26.934Z,INR,CREDIT,SETTLED,PayGateway settlement ORD-500312
BANK-700313,PAY-100313,52304.94,2026-07-23T17:11:56.606Z,INR,CREDIT,SETTLED,QuickPay settlement ORD-500313
BANK-700314,PAY-100314,63766.85,2026-08-22T15:32:11.743Z,INR,CREDIT,SETTLED,PayGateway settlement ORD-500314
BANK-700315,PAY-100315,64085.55,2026-07-05T19:16:20.006Z,INR,CREDIT,SETTLED,SyntheticPay settlement ORD-500315
BANK-700316,PAY-100316,67916.8,2026-07-08T01:52:01.577Z,INR,CREDIT,SETTLED,PayGateway settlement ORD-500316
BANK-700318,PAY-100318,51572.76,2026-08-14T16:13:11.457Z,INR,CREDIT,SETTLED,SyntheticPay settlement ORD-500318
BANK-700319,PAY-100319,25944.98,2026-07-04T20:43:31.669Z,INR,CREDIT,SETTLED,QuickPay settlement ORD-500319
BANK-700320,PAY-100320,76771.98,2026-08-12T06:10:32.450Z,INR,CREDIT,SETTLED,SyntheticPay settlement ORD-500320
BANK-700321,PAY-100321,96562.4,2026-08-17T23:19:44.426Z,INR,CREDIT,SETTLED,SyntheticPay settlement ORD-500321
BANK-700322,PAY-100322,76732.94,2026-08-30T15:14:38.736Z,INR,CREDIT,SETTLED,SyntheticPay settlement ORD-500322
BANK-700323,PAY-100323,97092.49,2026-08-12T14:07:05.189Z,INR,CREDIT,SETTLED,QuickPay settlement ORD-500323
BANK-700324,PAY-100324,14427.16,2026-08-17T21:29:14.245Z,INR,CREDIT,SETTLED,QuickPay settlement ORD-500324
BANK-700325,PAY-100325,98122.39,2026-08-21T00:24:09.231Z,INR,CREDIT,SETTLED,PayGateway settlement ORD-500325
BANK-700326,PAY-100326,74572.35,2026-07-31T15:31:56.334Z,INR,CREDIT,SETTLED,PayGateway settlement ORD-500326
BANK-700327,PAY-100327,84705.16,2026-07-07T23:22:40.043Z,INR,CREDIT,SETTLED,QuickPay settlement ORD-500327
BANK-700328,PAY-100328,14105.1,2026-08-10T01:25:38.274Z,INR,CREDIT,SETTLED,SyntheticPay settlement ORD-500328
BANK-700329,PAY-100329,19859.92,2026-08-02T15:50:58.328Z,INR,CREDIT,SETTLED,QuickPay settlement ORD-500329
BANK-700330,PAY-100330,69964.46,2026-07-15T15:45:31.728Z,INR,CREDIT,SETTLED,QuickPay settlement ORD-500330
BANK-700331,PAY-100331,98410.38,2026-07-22T08:59:30.057Z,INR,CREDIT,SETTLED,PayGateway settlement ORD-500331
BANK-700332,PAY-100332,41013.23,2026-08-16T06:35:44.771Z,INR,CREDIT,SETTLED,QuickPay settlement ORD-500332
BANK-700333,PAY-100333,67201.3,2026-07-14T23:43:19.497Z,INR,CREDIT,SETTLED,SyntheticPay settlement ORD-500333
BANK-700334,PAY-100334,32657.93,2026-08-29T19:39:40.362Z,INR,CREDIT,SETTLED,PayGateway settlement ORD-500334
BANK-700335,PAY-100335,95156.73,2026-07-22T05:01:24.919Z,INR,CREDIT,SETTLED,SyntheticPay settlement ORD-500335
BANK-700336,PAY-100336,85271.87,2026-07-09T14:09:24.575Z,INR,CREDIT,SETTLED,QuickPay settlement ORD-500336
BANK-700337,PAY-100337,25367.04,2026-07-27T06:43:01.595Z,INR,CREDIT,SETTLED,PayGateway settlement ORD-500337
BANK-700338,PAY-100338,8596.59,2026-08-21T12:22:33.262Z,INR,CREDIT,SETTLED,SyntheticPay settlement ORD-500338
BANK-700339,PAY-100339,16558.19,2026-09-14T21:18:38.584Z,INR,CREDIT,SETTLED,QuickPay settlement ORD-500339
BANK-700340,PAY-100340,10363.03,2026-08-16T17:08:20.181Z,INR,CREDIT,SETTLED,PayGateway settlement ORD-500340
BANK-700341,PAY-100341,62699.74,2026-07-06T10:06:12.647Z,INR,CREDIT,SETTLED,PayGateway settlement ORD-500341
BANK-700342,PAY-100342,66756.11,2026-08-19T22:40:19.032Z,INR,CREDIT,SETTLED,QuickPay settlement ORD-500342
BANK-700343,PAY-100343,51991.34,2026-07-22T14:12:54.546Z,INR,CREDIT,SETTLED,QuickPay settlement ORD-500343
BANK-700344,PAY-100344,7710.79,2026-08-12T19:19:16.173Z,INR,CREDIT,SETTLED,SyntheticPay settlement ORD-500344
BANK-700345,PAY-100345,62125.59,2026-08-07T17:08:29.810Z,INR,CREDIT,SETTLED,PayGateway settlement ORD-500345
BANK-700346,PAY-100346,25595.78,2026-07-22T11:57:30.216Z,INR,CREDIT,SETTLED,SyntheticPay settlement ORD-500346
BANK-700347,PAY-100347,85979.54000000001,2026-08-22T19:18:17.985Z,INR,CREDIT,SETTLED,PayGateway settlement ORD-500347
BANK-700348,PAY-100348,35579.15,2026-08-11T17:34:49.024Z,INR,CREDIT,SETTLED,PayGateway settlement ORD-500348
BANK-700349,PAY-100349,98441.48,2026-08-19T02:22:11.200Z,INR,CREDIT,SETTLED,SyntheticPay settlement ORD-500349
BANK-700350,PAY-100350,47098.91,2026-08-26T08:56:24.046Z,INR,CREDIT,SETTLED,PayGateway settlement ORD-500350
BANK-700351,PAY-100351,12539.33,2026-07-03T17:20:24.792Z,INR,CREDIT,SETTLED,SyntheticPay settlement ORD-500351
BANK-700352,PAY-100352,42048.3,2026-07-21T21:34:26.282Z,INR,CREDIT,SETTLED,SyntheticPay settlement ORD-500352
BANK-700353,PAY-100353,8794.98,2026-07-09T01:07:59.611Z,INR,CREDIT,SETTLED,SyntheticPay settlement ORD-500353
BANK-700354,PAY-100354,14550.2,2026-08-04T02:47:47.555Z,INR,CREDIT,SETTLED,PayGateway settlement ORD-500354
BANK-700355,PAY-100355,20556.72,2026-07-03T22:56:17.468Z,INR,CREDIT,SETTLED,SyntheticPay settlement ORD-500355
BANK-700356,PAY-100356,99505.21,2026-08-13T22:38:05.121Z,INR,CREDIT,SETTLED,PayGateway settlement ORD-500356
BANK-700357,PAY-100357,24388.469999999998,2026-07-09T15:43:48.101Z,INR,CREDIT,SETTLED,QuickPay settlement ORD-500357
BANK-700358,PAY-100358,30773.55,2026-07-29T01:45:37.069Z,INR,CREDIT,SETTLED,QuickPay settlement ORD-500358
BANK-700359,PAY-100359,91501.58,2026-08-26T03:17:37.895Z,INR,CREDIT,SETTLED,QuickPay settlement ORD-500359
BANK-700360,PAY-100360,2659.56,2026-08-30T21:45:00.270Z,INR,CREDIT,SETTLED,QuickPay settlement ORD-500360
BANK-700361,PAY-100361,62848.96,2026-08-24T16:32:57.447Z,INR,CREDIT,SETTLED,SyntheticPay settlement ORD-500361
BANK-700362,PAY-100362,2928.86,2026-08-24T21:58:02.079Z,INR,CREDIT,SETTLED,PayGateway settlement ORD-500362
BANK-700363,PAY-100363,58206.25,2026-07-25T08:19:46.984Z,INR,CREDIT,SETTLED,SyntheticPay settlement ORD-500363
BANK-700364,PAY-100364,4970.88,2026-07-25T16:30:11.318Z,INR,CREDIT,SETTLED,QuickPay settlement ORD-500364
BANK-700365,PAY-100365,95791.49,2026-07-11T14:34:35.480Z,INR,CREDIT,SETTLED,QuickPay settlement ORD-500365
BANK-700366,PAY-100366,1240.99,2026-07-22T17:27:23.476Z,INR,CREDIT,SETTLED,PayGateway settlement ORD-500366
BANK-700367,PAY-100367,12375.15,2026-08-28T11:39:01.204Z,INR,CREDIT,SETTLED,QuickPay settlement ORD-500367
BANK-700368,PAY-100368,97647.89,2026-07-16T20:50:59.398Z,INR,CREDIT,SETTLED,QuickPay settlement ORD-500368
BANK-700369,PAY-100369,39829.63,2026-08-16T19:38:28.311Z,INR,CREDIT,SETTLED,SyntheticPay settlement ORD-500369
BANK-700370,PAY-100370,7109.62,2026-07-14T08:11:36.174Z,INR,CREDIT,SETTLED,QuickPay settlement ORD-500370
BANK-700371,PAY-100371,68084.51,2026-08-31T23:40:35.975Z,INR,CREDIT,SETTLED,QuickPay settlement ORD-500371
BANK-700372,PAY-100372,55458.87,2026-08-21T05:36:23.235Z,INR,CREDIT,SETTLED,QuickPay settlement ORD-500372
BANK-700373,PAY-100373,45420.26,2026-07-16T16:46:53.395Z,INR,CREDIT,SETTLED,PayGateway settlement ORD-500373
BANK-700374,PAY-100374,88623.24,2026-08-14T20:59:26.102Z,INR,CREDIT,SETTLED,SyntheticPay settlement ORD-500374
BANK-700375,PAY-100375,13772.53,2026-07-11T12:20:05.940Z,INR,CREDIT,SETTLED,QuickPay settlement ORD-500375
BANK-700376,PAY-100376,1843.09,2026-07-15T13:31:24.579Z,INR,CREDIT,SETTLED,PayGateway settlement ORD-500376
BANK-700377,PAY-100377,70661.52,2026-08-06T03:06:04.509Z,INR,CREDIT,SETTLED,SyntheticPay settlement ORD-500377
BANK-700379,PAY-100379,9374.84,2026-07-05T12:40:32.122Z,INR,CREDIT,SETTLED,SyntheticPay settlement ORD-500379
BANK-700380,PAY-100380,69272.38,2026-08-04T12:49:13.013Z,INR,CREDIT,SETTLED,PayGateway settlement ORD-500380
BANK-700381,PAY-100381,66356.37,2026-07-22T13:29:38.581Z,INR,CREDIT,SETTLED,PayGateway settlement ORD-500381
BANK-700383,PAY-100383,13734.78,2026-08-02T20:47:45.940Z,INR,CREDIT,SETTLED,QuickPay settlement ORD-500383
BANK-700384,PAY-100384,58918.35,2026-07-21T19:03:20.124Z,INR,CREDIT,SETTLED,SyntheticPay settlement ORD-500384
BANK-700385,PAY-100385,15554.3,2026-07-06T21:36:34.399Z,INR,CREDIT,SETTLED,QuickPay settlement ORD-500385
BANK-700386,PAY-100386,70981.64,2026-07-16T00:35:23.057Z,INR,CREDIT,SETTLED,SyntheticPay settlement ORD-500386
BANK-700387,PAY-100387,47993.35,2026-08-23T17:26:40.107Z,INR,CREDIT,SETTLED,SyntheticPay settlement ORD-500387
BANK-700388,PAY-100388,21866.67,2026-08-05T13:12:33.067Z,INR,CREDIT,SETTLED,PayGateway settlement ORD-500388
BANK-700389,PAY-100389,97835,2026-08-11T16:26:13.206Z,INR,CREDIT,SETTLED,SyntheticPay settlement ORD-500389
BANK-700390,PAY-100390,61530.57,2026-08-31T10:46:01.159Z,INR,CREDIT,SETTLED,SyntheticPay settlement ORD-500390
BANK-700392,PAY-100392,17226.05,2026-07-23T05:50:57.490Z,INR,CREDIT,SETTLED,QuickPay settlement ORD-500392
BANK-700393,PAY-100393,76165.58,2026-07-22T08:52:51.145Z,INR,CREDIT,SETTLED,QuickPay settlement ORD-500393
BANK-700394,PAY-100394,39486.49,2026-08-27T09:10:12.297Z,INR,CREDIT,SETTLED,QuickPay settlement ORD-500394
BANK-700395,PAY-100395,29967.63,2026-07-12T16:56:40.343Z,INR,CREDIT,SETTLED,SyntheticPay settlement ORD-500395
BANK-700397,PAY-100397,19680.07,2026-08-01T16:42:13.615Z,INR,CREDIT,SETTLED,QuickPay settlement ORD-500397
BANK-700398,PAY-100398,63553.19,2026-08-29T11:36:30.315Z,INR,CREDIT,SETTLED,QuickPay settlement ORD-500398
BANK-700399,PAY-100399,51295.72,2026-08-26T01:59:12.662Z,INR,CREDIT,SETTLED,PayGateway settlement ORD-500399
BANK-700400,PAY-100400,94552.21,2026-07-11T21:24:39.035Z,INR,CREDIT,SETTLED,QuickPay settlement ORD-500400
BANK-700401,PAY-100401,18120.95,2026-08-21T10:12:41.464Z,INR,CREDIT,SETTLED,PayGateway settlement ORD-500401
BANK-700402,PAY-100402,19757.7,2026-07-24T17:50:41.513Z,INR,CREDIT,SETTLED,PayGateway settlement ORD-500402
BANK-700403,PAY-100403,10009.17,2026-08-30T00:54:07.746Z,INR,CREDIT,SETTLED,SyntheticPay settlement ORD-500403
BANK-700404,PAY-100404,18182.58,2026-07-27T11:37:17.538Z,INR,CREDIT,SETTLED,QuickPay settlement ORD-500404
BANK-700405,PAY-100405,49012.33,2026-08-22T23:03:19.086Z,INR,CREDIT,SETTLED,PayGateway settlement ORD-500405
BANK-700406,PAY-100406,25641.56,2026-09-01T23:12:16.644Z,INR,CREDIT,SETTLED,SyntheticPay settlement ORD-500406
BANK-700408,PAY-100408,76089.77,2026-07-17T23:50:01.765Z,INR,CREDIT,SETTLED,QuickPay settlement ORD-500408
BANK-700410,PAY-100410,39642.35,2026-08-19T06:57:27.273Z,INR,CREDIT,SETTLED,PayGateway settlement ORD-500410
BANK-700411,PAY-100411,37079.63,2026-07-11T15:13:50.465Z,INR,CREDIT,SETTLED,QuickPay settlement ORD-500411
BANK-700412,PAY-100412,35841.2,2026-07-29T03:19:41.903Z,INR,CREDIT,SETTLED,SyntheticPay settlement ORD-500412
BANK-700414,PAY-100414,63338.76,2026-08-02T04:20:56.533Z,INR,CREDIT,SETTLED,PayGateway settlement ORD-500414
BANK-700417,PAY-100417,96218.93,2026-07-12T09:55:29.961Z,INR,CREDIT,SETTLED,SyntheticPay settlement ORD-500417
BANK-700418,PAY-100418,51507.65,2026-08-24T15:09:14.229Z,INR,CREDIT,SETTLED,QuickPay settlement ORD-500418
BANK-700419,PAY-100419,96050.76,2026-08-06T10:57:08.649Z,INR,CREDIT,SETTLED,PayGateway settlement ORD-500419
BANK-700420,PAY-100420,46785.55,2026-08-24T13:32:43.943Z,INR,CREDIT,SETTLED,PayGateway settlement ORD-500420
BANK-700421,PAY-100421,38326.670000000006,2026-08-27T03:40:29.464Z,INR,CREDIT,SETTLED,SyntheticPay settlement ORD-500421
BANK-700422,PAY-100422,68516.55,2026-08-11T11:37:46.336Z,INR,CREDIT,SETTLED,QuickPay settlement ORD-500422
BANK-700423,PAY-100423,68591.8,2026-08-04T01:42:04.876Z,INR,CREDIT,SETTLED,SyntheticPay settlement ORD-500423
BANK-700424,PAY-100424,27476.05,2026-07-19T17:58:54.543Z,INR,CREDIT,SETTLED,SyntheticPay settlement ORD-500424
BANK-700425,PAY-100425,60074.98,2026-07-04T22:43:48.098Z,INR,CREDIT,SETTLED,QuickPay settlement ORD-500425
BANK-700426,PAY-100426,55750.11,2026-08-17T02:44:28.867Z,INR,CREDIT,SETTLED,QuickPay settlement ORD-500426
BANK-700427,PAY-100427,5658.12,2026-07-25T00:37:13.182Z,INR,CREDIT,SETTLED,QuickPay settlement ORD-500427
BANK-700428,PAY-100428,69108.37,2026-08-14T06:47:53.689Z,INR,CREDIT,SETTLED,SyntheticPay settlement ORD-500428
BANK-700429,PAY-100429,12387.18,2026-07-07T05:28:26.320Z,INR,CREDIT,SETTLED,SyntheticPay settlement ORD-500429
BANK-700430,PAY-100430,98147.40000000001,2026-07-26T21:32:16.113Z,INR,CREDIT,SETTLED,PayGateway settlement ORD-500430
BANK-700431,PAY-100431,40178.74,2026-07-07T12:10:36.089Z,INR,CREDIT,SETTLED,SyntheticPay settlement ORD-500431
BANK-700432,PAY-100432,13266.83,2026-08-07T23:11:25.596Z,INR,CREDIT,SETTLED,PayGateway settlement ORD-500432
BANK-700433,PAY-100433,46543.76,2026-08-30T20:01:57.227Z,INR,CREDIT,SETTLED,SyntheticPay settlement ORD-500433
BANK-700434,PAY-100434,5773.52,2026-07-20T04:32:53.262Z,INR,CREDIT,SETTLED,SyntheticPay settlement ORD-500434
BANK-700436,PAY-100436,98738.3,2026-07-14T13:42:23.950Z,INR,CREDIT,SETTLED,SyntheticPay settlement ORD-500436
BANK-700437,PAY-100437,63195.69,2026-08-22T05:30:49.642Z,INR,CREDIT,SETTLED,QuickPay settlement ORD-500437
BANK-700439,PAY-100439,95504.34,2026-07-12T14:38:47.703Z,INR,CREDIT,SETTLED,QuickPay settlement ORD-500439
BANK-700440,PAY-100440,47930.88,2026-08-22T15:41:47.339Z,INR,CREDIT,SETTLED,SyntheticPay settlement ORD-500440
BANK-700441,PAY-100441,76738.52,2026-07-15T11:44:23.083Z,INR,CREDIT,SETTLED,QuickPay settlement ORD-500441
BANK-700442,PAY-100442,93835.55,2026-08-09T20:16:58.826Z,INR,CREDIT,SETTLED,SyntheticPay settlement ORD-500442
BANK-700443,PAY-100443,99621.33,2026-08-16T02:41:31.062Z,INR,CREDIT,SETTLED,QuickPay settlement ORD-500443
BANK-700444,PAY-100444,72172.51,2026-08-15T17:13:14.055Z,INR,CREDIT,SETTLED,SyntheticPay settlement ORD-500444
BANK-700445,PAY-100445,14372.11,2026-08-08T01:50:44.598Z,INR,CREDIT,SETTLED,SyntheticPay settlement ORD-500445
BANK-700446,PAY-100446,91101.07,2026-08-05T09:52:46.899Z,INR,CREDIT,SETTLED,QuickPay settlement ORD-500446
BANK-700447,PAY-100447,20759.24,2026-07-17T10:55:49.493Z,INR,CREDIT,SETTLED,QuickPay settlement ORD-500447
BANK-700448,PAY-100448,1250.53,2026-07-11T19:17:46.271Z,INR,CREDIT,SETTLED,SyntheticPay settlement ORD-500448
BANK-700449,PAY-100449,94365.85,2026-07-08T16:07:17.467Z,INR,CREDIT,SETTLED,PayGateway settlement ORD-500449
BANK-700450,PAY-100450,18875.34,2026-08-29T02:23:40.052Z,INR,CREDIT,SETTLED,SyntheticPay settlement ORD-500450
BANK-700451,PAY-100451,57963.27,2026-08-22T12:39:08.644Z,INR,CREDIT,SETTLED,SyntheticPay settlement ORD-500451
BANK-700452,PAY-100452,60228.06,2026-08-12T20:21:13.606Z,INR,CREDIT,SETTLED,QuickPay settlement ORD-500452
BANK-700453,PAY-100453,55571.31,2026-08-21T13:28:11.798Z,INR,CREDIT,SETTLED,PayGateway settlement ORD-500453
BANK-700454,PAY-100454,36134.3,2026-08-29T00:48:00.336Z,INR,CREDIT,SETTLED,QuickPay settlement ORD-500454
BANK-700455,PAY-100455,83299.15,2026-07-19T18:25:02.600Z,INR,CREDIT,SETTLED,QuickPay settlement ORD-500455
BANK-700456,PAY-100456,48348.22,2026-08-26T08:46:46.041Z,INR,CREDIT,SETTLED,PayGateway settlement ORD-500456
BANK-700457,PAY-100457,30699.73,2026-08-20T08:51:26.978Z,INR,CREDIT,SETTLED,SyntheticPay settlement ORD-500457
BANK-700458,PAY-100458,35537.21,2026-08-21T13:25:48.273Z,INR,CREDIT,SETTLED,SyntheticPay settlement ORD-500458
BANK-700460,PAY-100460,93412.02,2026-08-22T07:25:06.231Z,INR,CREDIT,SETTLED,SyntheticPay settlement ORD-500460
BANK-700461,PAY-100461,86656.42,2026-09-16T03:07:56.022Z,INR,CREDIT,SETTLED,PayGateway settlement ORD-500461
BANK-700462,PAY-100462,16741.9,2026-08-16T10:02:26.106Z,INR,CREDIT,SETTLED,QuickPay settlement ORD-500462
BANK-700463,PAY-100463,58595.43,2026-08-01T20:14:18.283Z,INR,CREDIT,SETTLED,SyntheticPay settlement ORD-500463
BANK-700464,PAY-100464,86090.98,2026-07-30T03:54:51.188Z,INR,CREDIT,SETTLED,SyntheticPay settlement ORD-500464
BANK-700465,PAY-100465,75599.27,2026-08-21T23:35:01.770Z,INR,CREDIT,SETTLED,SyntheticPay settlement ORD-500465
BANK-700466,PAY-100466,82044.47,2026-08-07T00:53:45.407Z,INR,CREDIT,SETTLED,PayGateway settlement ORD-500466
BANK-700467,PAY-100467,60504.87,2026-07-15T16:49:06.622Z,INR,CREDIT,SETTLED,PayGateway settlement ORD-500467
BANK-700468,PAY-100468,18510.32,2026-08-25T14:45:33.331Z,INR,CREDIT,SETTLED,PayGateway settlement ORD-500468
BANK-700470,PAY-100470,99413.3,2026-08-29T21:45:09.077Z,INR,CREDIT,SETTLED,QuickPay settlement ORD-500470
BANK-700472,PAY-100472,79813.69,2026-08-11T08:55:50.911Z,INR,CREDIT,SETTLED,PayGateway settlement ORD-500472
BANK-700473,PAY-100473,55670.28,2026-07-15T19:56:24.302Z,INR,CREDIT,SETTLED,SyntheticPay settlement ORD-500473
BANK-700474,PAY-100474,93900.21,2026-07-20T05:36:57.707Z,INR,CREDIT,SETTLED,PayGateway settlement ORD-500474
BANK-700475,PAY-100475,53942.44,2026-07-07T06:39:21.957Z,INR,CREDIT,SETTLED,SyntheticPay settlement ORD-500475
BANK-700476,PAY-100476,85695.41,2026-08-14T22:59:17.827Z,INR,CREDIT,SETTLED,SyntheticPay settlement ORD-500476
BANK-700478,PAY-100478,58090.19,2026-08-14T08:08:50.326Z,INR,CREDIT,SETTLED,PayGateway settlement ORD-500478
BANK-700479,PAY-100479,35880.71,2026-08-29T13:38:45.495Z,INR,CREDIT,SETTLED,PayGateway settlement ORD-500479
BANK-700480,PAY-100480,41661.07,2026-07-17T13:30:22.797Z,INR,CREDIT,SETTLED,PayGateway settlement ORD-500480
BANK-700481,PAY-100481,17470.49,2026-09-01T23:06:58.092Z,INR,CREDIT,SETTLED,QuickPay settlement ORD-500481
BANK-700482,PAY-100482,94738.19,2026-08-13T11:35:29.513Z,INR,CREDIT,SETTLED,QuickPay settlement ORD-500482
BANK-700483,PAY-100483,3351.12,2026-08-28T03:36:35.638Z,INR,CREDIT,SETTLED,SyntheticPay settlement ORD-500483
BANK-700485,PAY-100485,47147.13,2026-08-29T20:43:25.130Z,INR,CREDIT,SETTLED,QuickPay settlement ORD-500485
BANK-700486,PAY-100486,31303.65,2026-07-22T02:06:20.892Z,INR,CREDIT,SETTLED,PayGateway settlement ORD-500486
BANK-700487,PAY-100487,47758.57,2026-07-17T08:44:58.877Z,INR,CREDIT,SETTLED,SyntheticPay settlement ORD-500487
BANK-700488,PAY-100488,40148.4,2026-09-01T07:14:56.589Z,INR,CREDIT,SETTLED,PayGateway settlement ORD-500488
BANK-700489,PAY-100489,17758.62,2026-07-21T06:53:56.454Z,INR,CREDIT,SETTLED,PayGateway settlement ORD-500489
BANK-700490,PAY-100490,70369.94,2026-08-19T13:21:37.000Z,INR,CREDIT,SETTLED,QuickPay settlement ORD-500490
BANK-700491,PAY-100491,69360.58,2026-08-16T11:39:59.486Z,INR,CREDIT,SETTLED,SyntheticPay settlement ORD-500491
BANK-700492,PAY-100492,12525.11,2026-07-15T21:48:00.823Z,INR,CREDIT,SETTLED,PayGateway settlement ORD-500492
BANK-700494,PAY-100494,62956.07,2026-07-28T03:17:15.526Z,INR,CREDIT,SETTLED,PayGateway settlement ORD-500494
BANK-700495,PAY-100495,37827.95,2026-07-13T18:03:56.040Z,INR,CREDIT,SETTLED,SyntheticPay settlement ORD-500495
BANK-700496,PAY-100496,41141.03,2026-08-13T07:40:57.924Z,INR,CREDIT,SETTLED,QuickPay settlement ORD-500496
BANK-700497,PAY-100497,19887.13,2026-07-26T00:13:11.266Z,INR,CREDIT,SETTLED,SyntheticPay settlement ORD-500497
BANK-700499,PAY-100499,58566.41,2026-07-30T05:38:24.820Z,INR,CREDIT,SETTLED,QuickPay settlement ORD-500499
BANK-700501,PAY-100008,38135.86,2026-08-14T22:31:31.569Z,INR,CREDIT,SETTLED,Duplicate: QuickPay settlement ORD-500008
BANK-700502,PAY-100030,30408.11,2026-08-13T18:52:55.579Z,INR,CREDIT,SETTLED,Duplicate: SyntheticPay settlement ORD-500030
BANK-700503,PAY-100043,75381.62999999999,2026-07-20T19:08:24.441Z,INR,CREDIT,SETTLED,Duplicate: QuickPay settlement ORD-500043
BANK-700504,PAY-100065,23538.38,2026-08-25T17:48:07.961Z,INR,CREDIT,SETTLED,Duplicate: SyntheticPay settlement ORD-500065
BANK-700505,PAY-100073,15911.359999999999,2026-07-14T23:27:29.711Z,INR,CREDIT,SETTLED,Duplicate: SyntheticPay settlement ORD-500073
BANK-700506,PAY-100098,33640.42,2026-08-22T11:19:29.469Z,INR,CREDIT,SETTLED,Duplicate: QuickPay settlement ORD-500098
BANK-700507,PAY-100122,44560.829999999994,2026-08-08T10:05:38.160Z,INR,CREDIT,SETTLED,Duplicate: QuickPay settlement ORD-500122
BANK-700508,PAY-100139,88792.87000000001,2026-08-09T06:06:42.952Z,INR,CREDIT,SETTLED,Duplicate: PayGateway settlement ORD-500139
BANK-700509,PAY-100166,55034.19,2026-07-31T22:37:22.263Z,INR,CREDIT,SETTLED,Duplicate: PayGateway settlement ORD-500166
BANK-700510,PAY-100175,63171.77,2026-07-05T13:45:43.193Z,INR,CREDIT,SETTLED,Duplicate: PayGateway settlement ORD-500175
BANK-700511,PAY-100182,905.36,2026-08-12T04:59:50.043Z,INR,CREDIT,SETTLED,Duplicate: PayGateway settlement ORD-500182
BANK-700512,PAY-100191,84260.83,2026-07-31T07:10:53.485Z,INR,CREDIT,SETTLED,Duplicate: SyntheticPay settlement ORD-500191
BANK-700513,PAY-100255,45193.11,2026-07-11T04:34:12.310Z,INR,CREDIT,SETTLED,Duplicate: QuickPay settlement ORD-500255
BANK-700514,PAY-100281,36092.24,2026-07-07T14:42:01.226Z,INR,CREDIT,SETTLED,Duplicate: QuickPay settlement ORD-500281
BANK-700515,PAY-100282,43866.37,2026-08-08T16:37:34.660Z,INR,CREDIT,SETTLED,Duplicate: PayGateway settlement ORD-500282
BANK-700516,PAY-100286,81077.75,2026-07-16T22:33:10.990Z,INR,CREDIT,SETTLED,Duplicate: QuickPay settlement ORD-500286
BANK-700517,PAY-100327,84690.16,2026-07-08T09:22:40.043Z,INR,CREDIT,SETTLED,Duplicate: QuickPay settlement ORD-500327
BANK-700518,PAY-100328,14099.92,2026-08-10T11:25:38.274Z,INR,CREDIT,SETTLED,Duplicate: SyntheticPay settlement ORD-500328
BANK-700519,PAY-100380,69281.66,2026-08-05T00:49:13.013Z,INR,CREDIT,SETTLED,Duplicate: PayGateway settlement ORD-500380
BANK-700520,PAY-100383,13719.37,2026-08-03T02:47:45.940Z,INR,CREDIT,SETTLED,Duplicate: QuickPay settlement ORD-500383
BANK-700521,PAY-100386,70978.3,2026-07-16T05:35:23.057Z,INR,CREDIT,SETTLED,Duplicate: SyntheticPay settlement ORD-500386
BANK-700522,PAY-100446,91085.21,2026-08-05T18:52:46.899Z,INR,CREDIT,SETTLED,Duplicate: QuickPay settlement ORD-500446
BANK-700523,PAY-100449,94354.51000000001,2026-07-09T04:07:17.467Z,INR,CREDIT,SETTLED,Duplicate: PayGateway settlement ORD-500449
BANK-700524,PAY-100451,57960.1,2026-08-22T17:39:08.644Z,INR,CREDIT,SETTLED,Duplicate: SyntheticPay settlement ORD-500451
BANK-700525,PAY-100478,58086.83,2026-08-14T12:08:50.326Z,INR,CREDIT,SETTLED,Duplicate: PayGateway settlement ORD-500478
BANK-700526,UNKNOWN-REF-1208,45926.16,2026-08-18T10:20:44.097Z,INR,CREDIT,SETTLED,Unmatched transaction BANK-700526
BANK-700527,UNKNOWN-REF-8953,24085.66,2026-08-25T23:58:03.237Z,INR,DEBIT,SETTLED,Unmatched transaction BANK-700527
BANK-700528,UNKNOWN-REF-7345,46004.52,2026-07-24T16:26:55.299Z,INR,CREDIT,SETTLED,Unmatched transaction BANK-700528
BANK-700529,UNKNOWN-REF-5686,5133.99,2026-07-17T20:23:57.981Z,INR,DEBIT,SETTLED,Unmatched transaction BANK-700529
BANK-700530,UNKNOWN-REF-6309,44698.04,2026-07-18T10:04:08.971Z,INR,DEBIT,SETTLED,Unmatched transaction BANK-700530
BANK-700531,UNKNOWN-REF-3074,23854.23,2026-08-18T04:28:42.308Z,INR,CREDIT,SETTLED,Unmatched transaction BANK-700531
BANK-700532,UNKNOWN-REF-5013,22836.7,2026-07-17T22:43:51.629Z,INR,CREDIT,SETTLED,Unmatched transaction BANK-700532
BANK-700533,UNKNOWN-REF-4827,41561.34,2026-08-06T07:22:50.290Z,INR,CREDIT,SETTLED,Unmatched transaction BANK-700533
BANK-700534,UNKNOWN-REF-3178,2747.53,2026-08-08T05:43:38.347Z,INR,DEBIT,SETTLED,Unmatched transaction BANK-700534
BANK-700535,UNKNOWN-REF-3992,35386.37,2026-07-19T16:55:06.433Z,INR,CREDIT,SETTLED,Unmatched transaction BANK-700535
BANK-700536,UNKNOWN-REF-6218,28859.87,2026-07-06T22:43:46.499Z,INR,CREDIT,SETTLED,Unmatched transaction BANK-700536
BANK-700537,UNKNOWN-REF-1745,5391.07,2026-07-21T05:53:59.425Z,INR,DEBIT,SETTLED,Unmatched transaction BANK-700537
BANK-700538,UNKNOWN-REF-9438,26679.4,2026-07-04T05:53:49.518Z,INR,DEBIT,SETTLED,Unmatched transaction BANK-700538
BANK-700539,UNKNOWN-REF-6492,9751.35,2026-07-16T03:59:15.879Z,INR,CREDIT,SETTLED,Unmatched transaction BANK-700539
BANK-700540,UNKNOWN-REF-7546,39130.89,2026-08-07T11:29:10.641Z,INR,DEBIT,SETTLED,Unmatched transaction BANK-700540
BANK-700541,UNKNOWN-REF-4287,28409.38,2026-07-15T21:03:34.089Z,INR,CREDIT,SETTLED,Unmatched transaction BANK-700541
BANK-700542,UNKNOWN-REF-2469,41869.76,2026-08-23T14:57:36.657Z,INR,CREDIT,SETTLED,Unmatched transaction BANK-700542
BANK-700543,UNKNOWN-REF-8563,4494.53,2026-08-07T14:03:57.782Z,INR,CREDIT,SETTLED,Unmatched transaction BANK-700543
BANK-700544,UNKNOWN-REF-9495,36162.36,2026-07-13T13:35:51.661Z,INR,DEBIT,SETTLED,Unmatched transaction BANK-700544
BANK-700545,UNKNOWN-REF-9167,13612.96,2026-07-21T17:23:29.859Z,INR,CREDIT,SETTLED,Unmatched transaction BANK-700545
BANK-700546,UNKNOWN-REF-7716,20134.92,2026-08-04T04:36:10.805Z,INR,CREDIT,SETTLED,Unmatched transaction BANK-700546
BANK-700547,UNKNOWN-REF-9719,12106.09,2026-08-12T04:42:46.157Z,INR,DEBIT,SETTLED,Unmatched transaction BANK-700547
BANK-700548,UNKNOWN-REF-5788,37991.41,2026-08-26T06:42:54.044Z,INR,CREDIT,SETTLED,Unmatched transaction BANK-700548
BANK-700549,UNKNOWN-REF-9274,12577.68,2026-08-27T10:21:29.186Z,INR,DEBIT,SETTLED,Unmatched transaction BANK-700549
BANK-700550,UNKNOWN-REF-7006,7800.02,2026-08-16T05:18:59.885Z,INR,CREDIT,SETTLED,Unmatched transaction BANK-700550