invoiceId,orderId,customerId,invoiceAmount,invoiceDate,currency,status,description
INV-900001,ORD-500001,CUS-200001,25309.28,2026-08-05T01:08:22.827Z,INR,PAID,Invoice for order ORD-500001
INV-900002,ORD-500002,CUS-200002,2663.82,2026-07-07T06:25:31.603Z,INR,PAID,Invoice for order ORD-500002
INV-900003,ORD-500003,CUS-200003,85334.95,2026-08-08T05:53:21.788Z,INR,PAID,Invoice for order ORD-500003
INV-900004,ORD-500004,CUS-200004,9165.94,2026-08-27T07:55:45.253Z,INR,PAID,Invoice for order ORD-500004
INV-900005,ORD-500005,CUS-200005,55095.79,2026-08-02T14:19:30.480Z,INR,PAID,Invoice for order ORD-500005
INV-900006,ORD-500006,CUS-200006,82167.95,2026-08-19T18:14:01.884Z,INR,PAID,Invoice for order ORD-500006
INV-900007,ORD-500007,CUS-200007,2343.28,2026-08-19T23:03:42.579Z,INR,PAID,Invoice for order ORD-500007
INV-900008,ORD-500008,CUS-200008,38137.73,2026-08-12T05:31:31.569Z,INR,PAID,Invoice for order ORD-500008
INV-900009,ORD-500009,CUS-200009,99029.72,2026-07-06T08:21:51.344Z,INR,PAID,Invoice for order ORD-500009
INV-900010,ORD-500010,CUS-200010,12787.41,2026-08-05T08:12:24.376Z,INR,PAID,Invoice for order ORD-500010
INV-900011,ORD-500011,CUS-200011,21655.33,2026-07-01T14:56:24.261Z,INR,PAID,Invoice for order ORD-500011
INV-900012,ORD-500012,CUS-200012,88298.32,2026-07-12T11:06:38.695Z,INR,PAID,Invoice for order ORD-500012
INV-900013,ORD-500013,CUS-200013,33734.44,2026-07-08T20:22:55.112Z,INR,PAID,Invoice for order ORD-500013
INV-900014,ORD-500014,CUS-200014,92159.22,2026-07-27T01:50:52.531Z,INR,PAID,Invoice for order ORD-500014
INV-900015,ORD-500015,CUS-200015,11947.46,2026-07-07T19:50:11.254Z,INR,PAID,Invoice for order ORD-500015
INV-900016,ORD-500016,CUS-200016,69812.66,2026-07-13T13:57:47.041Z,INR,PAID,Invoice for order ORD-500016
INV-900017,ORD-500017,CUS-200017,88194.01,2026-08-11T20:39:20.681Z,INR,PAID,Invoice for order ORD-500017
INV-900018,ORD-500018,CUS-200018,15400.4,2026-08-02T17:17:11.011Z,INR,PAID,Invoice for order ORD-500018
INV-900019,ORD-500019,CUS-200019,42653.67,2026-07-26T13:54:25.364Z,INR,PAID,Invoice for order ORD-500019
INV-900020,ORD-500020,CUS-200020,82589.92,2026-08-18T15:45:49.298Z,INR,PAID,Invoice for order ORD-500020
INV-900021,ORD-500021,CUS-200021,28388.91,2026-08-21T05:10:04.240Z,INR,PAID,Invoice for order ORD-500021
INV-900022,ORD-500022,CUS-200022,31671.24,2026-07-16T11:38:07.674Z,INR,PAID,Invoice for order ORD-500022
INV-900023,ORD-500023,CUS-200023,64833.22,2026-07-29T11:31:41.060Z,INR,PAID,Invoice for order ORD-500023
INV-900024,ORD-500024,CUS-200024,70102.91,2026-08-06T18:36:30.867Z,INR,PAID,Invoice for order ORD-500024
INV-900025,ORD-500025,CUS-200025,41890.32,2026-07-14T16:38:59.233Z,INR,PAID,Invoice for order ORD-500025
INV-900026,ORD-500026,CUS-200026,57178.67,2026-07-02T07:07:29.951Z,INR,PAID,Invoice for order ORD-500026
INV-900027,ORD-500027,CUS-200027,50270.82,2026-08-29T06:36:07.625Z,INR,PAID,Invoice for order ORD-500027
INV-900028,ORD-500028,CUS-200028,30950.02,2026-08-11T16:28:49.670Z,INR,PAID,Invoice for order ORD-500028
INV-900029,ORD-500029,CUS-200029,46005.09,2026-08-28T16:29:38.193Z,INR,PAID,Invoice for order ORD-500029
INV-900030,ORD-500030,CUS-200030,30393.13,2026-08-09T18:52:55.579Z,INR,PAID,Invoice for order ORD-500030
INV-900031,ORD-500031,CUS-200031,72139.35,2026-07-02T20:10:08.175Z,INR,PAID,Invoice for order ORD-500031
INV-900032,ORD-500032,CUS-200032,90420.52,2026-08-01T21:03:25.324Z,INR,PAID,Invoice for order ORD-500032
INV-900033,ORD-500033,CUS-200033,62138.47,2026-07-03T16:54:26.452Z,INR,PAID,Invoice for order ORD-500033
INV-900034,ORD-500034,CUS-200034,25027.6,2026-07-01T13:14:07.723Z,INR,PAID,Invoice for order ORD-500034
INV-900035,ORD-500035,CUS-200035,35329.59,2026-08-04T08:41:45.563Z,INR,PAID,Invoice for order ORD-500035
INV-900036,ORD-500036,CUS-200036,58999.23,2026-07-08T23:43:47.697Z,INR,PAID,Invoice for order ORD-500036
INV-900037,ORD-500037,CUS-200037,28317.07,2026-07-26T22:40:57.731Z,INR,PAID,Invoice for order ORD-500037
INV-900038,ORD-500038,CUS-200038,59901.97,2026-08-12T13:25:04.471Z,INR,PAID,Invoice for order ORD-500038
INV-900039,ORD-500039,CUS-200039,88226.76,2026-08-09T17:25:25.147Z,INR,PAID,Invoice for order ORD-500039
INV-900040,ORD-500040,CUS-200040,27821.54,2026-07-14T06:42:34.840Z,INR,PAID,Invoice for order ORD-500040
INV-900041,ORD-500041,CUS-200041,44188.91,2026-08-08T17:57:41.597Z,INR,PAID,Invoice for order ORD-500041
INV-900042,ORD-500042,CUS-200042,69291.29,2026-07-22T11:32:32.691Z,INR,PAID,Invoice for order ORD-500042
INV-900043,ORD-500043,CUS-200043,75388.51,2026-07-17T10:08:24.441Z,INR,PAID,Invoice for order ORD-500043
INV-900044,ORD-500044,CUS-200044,79564.57,2026-07-10T04:05:30.288Z,INR,PAID,Invoice for order ORD-500044
INV-900045,ORD-500045,CUS-200045,69793.01,2026-07-27T02:21:52.797Z,INR,PAID,Invoice for order ORD-500045
INV-900046,ORD-500046,CUS-200046,22831.43,2026-08-29T04:43:36.287Z,INR,PAID,Invoice for order ORD-500046
INV-900047,ORD-500047,CUS-200047,11954.06,2026-08-04T13:45:39.641Z,INR,PAID,Invoice for order ORD-500047
INV-900048,ORD-500048,CUS-200048,15435.55,2026-08-28T15:45:29.742Z,INR,PAID,Invoice for order ORD-500048
INV-900049,ORD-500049,CUS-200049,22465.53,2026-08-22T14:51:52.476Z,INR,PAID,Invoice for order ORD-500049
INV-900050,ORD-500050,CUS-200050,9230.43,2026-08-26T01:14:28.803Z,INR,PAID,Invoice for order ORD-500050
INV-900051,ORD-500051,CUS-200051,89089.22,2026-08-15T05:05:19.016Z,INR,PAID,Invoice for order ORD-500051
INV-900052,ORD-500052,CUS-200052,23893.32,2026-08-06T04:59:27.123Z,INR,PAID,Invoice for order ORD-500052
INV-900053,ORD-500053,CUS-200053,42424.79,2026-08-17T21:46:31.258Z,INR,PAID,Invoice for order ORD-500053
INV-900054,ORD-500054,CUS-200054,23109.06,2026-08-19T01:33:20.425Z,INR,PAID,Invoice for order ORD-500054
INV-900055,ORD-500055,CUS-200055,43446.88,2026-07-07T02:07:33.188Z,INR,PAID,Invoice for order ORD-500055
INV-900056,ORD-500056,CUS-200056,44913.85,2026-07-22T09:40:10.003Z,INR,PAID,Invoice for order ORD-500056
INV-900057,ORD-500057,CUS-200057,23252.19,2026-08-15T18:14:04.207Z,INR,PAID,Invoice for order ORD-500057
INV-900058,ORD-500058,CUS-200058,18469.02,2026-07-20T17:09:29.343Z,INR,PAID,Invoice for order ORD-500058
INV-900059,ORD-500059,CUS-200059,46297.75,2026-08-17T11:19:12.281Z,INR,PAID,Invoice for order ORD-500059
INV-900060,ORD-500060,CUS-200060,4185.69,2026-07-06T12:55:54.407Z,INR,PAID,Invoice for order ORD-500060
INV-900061,ORD-500061,CUS-200061,25961.42,2026-08-12T00:33:07.665Z,INR,PAID,Invoice for order ORD-500061
INV-900062,ORD-500062,CUS-200062,18062.28,2026-08-14T19:01:27.496Z,INR,PAID,Invoice for order ORD-500062
INV-900063,ORD-500063,CUS-200063,98160.99,2026-07-27T10:06:39.938Z,INR,PAID,Invoice for order ORD-500063
INV-900064,ORD-500064,CUS-200064,19696.48,2026-08-01T00:10:08.996Z,INR,PAID,Invoice for order ORD-500064
INV-900065,ORD-500065,CUS-200065,23522.95,2026-08-22T14:48:07.961Z,INR,PAID,Invoice for order ORD-500065
INV-900066,ORD-500066,CUS-200066,92909.8,2026-08-10T01:36:30.684Z,INR,PAID,Invoice for order ORD-500066
INV-900067,ORD-500067,CUS-200067,34639.43,2026-08-16T12:09:34.228Z,INR,PAID,Invoice for order ORD-500067
INV-900068,ORD-500068,CUS-200068,7846.14,2026-08-22T15:13:58.619Z,INR,PAID,Invoice for order ORD-500068
INV-900069,ORD-500069,CUS-200069,45086.17,2026-07-08T11:01:51.996Z,INR,PAID,Invoice for order ORD-500069
INV-900070,ORD-500070,CUS-200070,51193.3,2026-07-14T06:14:03.067Z,INR,PAID,Invoice for order ORD-500070
INV-900071,ORD-500071,CUS-200071,76339.1,2026-07-29T06:37:45.408Z,INR,PAID,Invoice for order ORD-500071
INV-900072,ORD-500072,CUS-200072,39297.98,2026-08-22T09:43:37.243Z,INR,PAID,Invoice for order ORD-500072
INV-900073,ORD-500073,CUS-200073,15916.15,2026-07-13T03:27:29.711Z,INR,PAID,Invoice for order ORD-500073
INV-900074,ORD-500074,CUS-200074,99318.4,2026-08-17T00:45:26.031Z,INR,PAID,Invoice for order ORD-500074
INV-900075,ORD-500075,CUS-200075,82527.64,2026-07-24T17:54:00.585Z,INR,PAID,Invoice for order ORD-500075
INV-900076,ORD-500076,CUS-200076,22553.5,2026-07-19T16:15:40.259Z,INR,PAID,Invoice for order ORD-500076
INV-900077,ORD-500077,CUS-200077,12637.49,2026-08-17T17:02:38.413Z,INR,PAID,Invoice for order ORD-500077
INV-900078,ORD-500078,CUS-200078,66622.55,2026-08-19T02:22:41.423Z,INR,PAID,Invoice for order ORD-500078
INV-900079,ORD-500079,CUS-200079,88761.47,2026-08-11T12:05:05.231Z,INR,PAID,Invoice for order ORD-500079
INV-900080,ORD-500080,CUS-200080,15511.85,2026-07-03T11:32:26.162Z,INR,PAID,Invoice for order ORD-500080
INV-900081,ORD-500081,CUS-200081,79952.14,2026-08-09T05:47:58.990Z,INR,PAID,Invoice for order ORD-500081
INV-900082,ORD-500082,CUS-200082,4976.29,2026-08-14T02:28:39.177Z,INR,PAID,Invoice for order ORD-500082
INV-900083,ORD-500083,CUS-200083,38386.23,2026-07-17T17:43:31.579Z,INR,PAID,Invoice for order ORD-500083
INV-900084,ORD-500084,CUS-200084,92649.89,2026-07-19T13:09:57.604Z,INR,PAID,Invoice for order ORD-500084
INV-900085,ORD-500085,CUS-200085,78673.64,2026-08-09T11:12:54.001Z,INR,PAID,Invoice for order ORD-500085
INV-900086,ORD-500086,CUS-200086,4501.09,2026-08-01T06:20:59.302Z,INR,PAID,Invoice for order ORD-500086
INV-900087,ORD-500087,CUS-200087,39390.25,2026-07-08T19:02:43.906Z,INR,PAID,Invoice for order ORD-500087
INV-900088,ORD-500088,CUS-200088,19133.81,2026-07-18T22:01:11.823Z,INR,PAID,Invoice for order ORD-500088
INV-900089,ORD-500089,CUS-200089,59894.81,2026-07-04T02:10:37.630Z,INR,PAID,Invoice for order ORD-500089
INV-900090,ORD-500090,CUS-200090,88602.48,2026-08-08T23:42:38.251Z,INR,PAID,Invoice for order ORD-500090
INV-900091,ORD-500091,CUS-200091,5565.76,2026-08-17T01:07:50.675Z,INR,PAID,Invoice for order ORD-500091
INV-900092,ORD-500092,CUS-200092,7148.25,2026-08-04T01:06:50.452Z,INR,PAID,Invoice for order ORD-500092
INV-900093,ORD-500093,CUS-200093,86681.11,2026-08-29T07:45:27.530Z,INR,PAID,Invoice for order ORD-500093
INV-900094,ORD-500094,CUS-200094,77491.6,2026-08-04T01:51:09.660Z,INR,PAID,Invoice for order ORD-500094
INV-900095,ORD-500095,CUS-200095,63407.53,2026-07-28T21:24:53.554Z,INR,PAID,Invoice for order ORD-500095
INV-900096,ORD-500096,CUS-200096,58503.78,2026-08-25T13:46:18.693Z,INR,PAID,Invoice for order ORD-500096
INV-900097,ORD-500097,CUS-200097,48056.9,2026-08-22T23:14:28.523Z,INR,PAID,Invoice for order ORD-500097
INV-900098,ORD-500098,CUS-200098,33643.9,2026-08-19T04:19:29.469Z,INR,PAID,Invoice for order ORD-500098
INV-900099,ORD-500099,CUS-200099,34253.48,2026-08-12T01:50:43.328Z,INR,PAID,Invoice for order ORD-500099
INV-900100,ORD-500100,CUS-200100,17958.79,2026-07-30T13:01:23.875Z,INR,PAID,Invoice for order ORD-500100
INV-900101,ORD-500101,CUS-200101,35026.74,2026-08-27T22:46:18.198Z,INR,PAID,Invoice for order ORD-500101
INV-900102,ORD-500102,CUS-200102,29518.2,2026-07-24T07:00:35.409Z,INR,PAID,Invoice for order ORD-500102
INV-900103,ORD-500103,CUS-200103,22447.22,2026-08-30T12:06:12.659Z,INR,PAID,Invoice for order ORD-500103
INV-900104,ORD-500104,CUS-200104,89066.64,2026-07-25T11:05:03.384Z,INR,PAID,Invoice for order ORD-500104
INV-900105,ORD-500105,CUS-200105,75148.97,2026-07-15T01:59:24.361Z,INR,PAID,Invoice for order ORD-500105
INV-900106,ORD-500106,CUS-200106,834.63,2026-07-07T07:28:30.878Z,INR,PAID,Invoice for order ORD-500106
INV-900107,ORD-500107,CUS-200107,69376.96,2026-07-15T03:15:15.740Z,INR,PAID,Invoice for order ORD-500107
INV-900108,ORD-500108,CUS-200108,90834.06,2026-07-08T08:47:51.967Z,INR,PAID,Invoice for order ORD-500108
INV-900109,ORD-500109,CUS-200109,45153.65,2026-08-28T08:02:24.382Z,INR,PAID,Invoice for order ORD-500109
INV-900110,ORD-500110,CUS-200110,74085.01,2026-08-30T16:28:23.175Z,INR,PAID,Invoice for order ORD-500110
INV-900111,ORD-500111,CUS-200111,55020.61,2026-08-23T06:12:04.822Z,INR,PAID,Invoice for order ORD-500111
INV-900112,ORD-500112,CUS-200112,54151.71,2026-07-27T13:54:38.412Z,INR,PAID,Invoice for order ORD-500112
INV-900113,ORD-500113,CUS-200113,6672.21,2026-08-14T19:18:56.394Z,INR,PAID,Invoice for order ORD-500113
INV-900114,ORD-500114,CUS-200114,83623.8,2026-08-19T02:27:46.118Z,INR,PAID,Invoice for order ORD-500114
INV-900115,ORD-500115,CUS-200115,54601.67,2026-08-25T21:19:13.604Z,INR,PAID,Invoice for order ORD-500115
INV-900116,ORD-500116,CUS-200116,86632.84,2026-08-14T05:03:41.601Z,INR,PAID,Invoice for order ORD-500116
INV-900117,ORD-500117,CUS-200117,36320.85,2026-07-16T12:19:32.389Z,INR,PAID,Invoice for order ORD-500117
INV-900118,ORD-500118,CUS-200118,15663.46,2026-08-07T11:01:57.042Z,INR,PAID,Invoice for order ORD-500118
INV-900119,ORD-500119,CUS-200119,84235.72,2026-07-20T23:38:57.513Z,INR,PAID,Invoice for order ORD-500119
INV-900120,ORD-500120,CUS-200120,56870.99,2026-08-14T16:21:15.939Z,INR,PAID,Invoice for order ORD-500120
INV-900121,ORD-500121,CUS-200121,44954.95,2026-08-14T05:03:03.175Z,INR,PAID,Invoice for order ORD-500121
INV-900122,ORD-500122,CUS-200122,44572.27,2026-08-06T07:05:38.160Z,INR,PAID,Invoice for order ORD-500122
INV-900123,ORD-500123,CUS-200123,92522.07,2026-08-02T02:00:20.852Z,INR,PAID,Invoice for order ORD-500123
INV-900124,ORD-500124,CUS-200124,73702.72,2026-07-18T00:23:36.164Z,INR,PAID,Invoice for order ORD-500124
INV-900125,ORD-500125,CUS-200125,5986.67,2026-07-20T04:10:05.208Z,INR,PAID,Invoice for order ORD-500125
INV-900126,ORD-500126,CUS-200126,50648.34,2026-08-12T10:43:32.308Z,INR,PAID,Invoice for order ORD-500126
INV-900127,ORD-500127,CUS-200127,81010.36,2026-08-21T05:24:40.820Z,INR,PAID,Invoice for order ORD-500127
INV-900128,ORD-500128,CUS-200128,63736.16,2026-08-02T14:39:11.523Z,INR,PAID,Invoice for order ORD-500128
INV-900129,ORD-500129,CUS-200129,38632.93,2026-07-10T17:30:59.311Z,INR,PAID,Invoice for order ORD-500129
INV-900130,ORD-500130,CUS-200130,32018.08,2026-08-27T02:32:23.062Z,INR,PAID,Invoice for order ORD-500130
INV-900131,ORD-500131,CUS-200131,61646.66,2026-07-13T06:11:38.411Z,INR,PAID,Invoice for order ORD-500131
INV-900132,ORD-500132,CUS-200132,72081.52,2026-08-12T16:03:39.326Z,INR,PAID,Invoice for order ORD-500132
INV-900133,ORD-500133,CUS-200133,16735.91,2026-08-15T22:10:51.255Z,INR,PAID,Invoice for order ORD-500133
INV-900134,ORD-500134,CUS-200134,51082.61,2026-07-11T00:26:49.229Z,INR,PAID,Invoice for order ORD-500134
INV-900135,ORD-500135,CUS-200135,83779,2026-08-05T03:08:46.195Z,INR,PAID,Invoice for order ORD-500135
INV-900136,ORD-500136,CUS-200136,39094.31,2026-07-12T04:39:47.875Z,INR,PAID,Invoice for order ORD-500136
INV-900137,ORD-500137,CUS-200137,97073.34,2026-08-29T22:34:04.218Z,INR,PAID,Invoice for order ORD-500137
INV-900138,ORD-500138,CUS-200138,79210.6,2026-08-21T10:41:43.719Z,INR,PAID,Invoice for order ORD-500138
INV-900139,ORD-500139,CUS-200139,88776.66,2026-08-06T01:06:42.952Z,INR,PAID,Invoice for order ORD-500139
INV-900140,ORD-500140,CUS-200140,28717.37,2026-08-27T12:15:18.774Z,INR,PAID,Invoice for order ORD-500140
INV-900141,ORD-500141,CUS-200141,89550.71,2026-08-14T12:50:53.126Z,INR,PAID,Invoice for order ORD-500141
INV-900142,ORD-500142,CUS-200142,28450.91,2026-07-02T18:03:26.776Z,INR,PAID,Invoice for order ORD-500142
INV-900143,ORD-500143,CUS-200143,74593.33,2026-08-16T03:22:45.210Z,INR,PAID,Invoice for order ORD-500143
INV-900144,ORD-500144,CUS-200144,10882.46,2026-07-15T10:50:38.601Z,INR,PAID,Invoice for order ORD-500144
INV-900145,ORD-500145,CUS-200145,12242.58,2026-07-09T04:08:30.860Z,INR,PAID,Invoice for order ORD-500145
INV-900146,ORD-500146,CUS-200146,84213.48,2026-08-16T04:02:23.610Z,INR,PAID,Invoice for order ORD-500146
INV-900147,ORD-500147,CUS-200147,78578.45,2026-08-28T09:15:05.635Z,INR,PAID,Invoice for order ORD-500147
INV-900148,ORD-500148,CUS-200148,23707.59,2026-08-27T17:49:29.971Z,INR,PAID,Invoice for order ORD-500148
INV-900149,ORD-500149,CUS-200149,3425.23,2026-08-27T12:49:16.347Z,INR,PAID,Invoice for order ORD-500149
INV-900150,ORD-500150,CUS-200150,79241.95,2026-07-17T21:59:36.377Z,INR,PAID,Invoice for order ORD-500150
INV-900151,ORD-500151,CUS-200151,11316.63,2026-07-09T16:10:28.303Z,INR,PAID,Invoice for order ORD-500151
INV-900152,ORD-500152,CUS-200152,67700.77,2026-08-04T19:44:31.958Z,INR,PAID,Invoice for order ORD-500152
INV-900153,ORD-500153,CUS-200153,85417.79,2026-07-09T10:18:14.511Z,INR,PAID,Invoice for order ORD-500153
INV-900154,ORD-500154,CUS-200154,70776.35,2026-08-29T17:59:40.553Z,INR,PAID,Invoice for order ORD-500154
INV-900155,ORD-500155,CUS-200155,98549.81,2026-07-31T09:47:30.860Z,INR,PAID,Invoice for order ORD-500155
INV-900156,ORD-500156,CUS-200156,8256.31,2026-07-15T02:30:39.903Z,INR,PAID,Invoice for order ORD-500156
INV-900157,ORD-500157,CUS-200157,324.03,2026-07-17T23:42:58.123Z,INR,PAID,Invoice for order ORD-500157
INV-900158,ORD-500158,CUS-200158,12079.48,2026-07-07T13:22:35.672Z,INR,PAID,Invoice for order ORD-500158
INV-900159,ORD-500159,CUS-200159,15911.79,2026-07-30T06:18:23.531Z,INR,PAID,Invoice for order ORD-500159
INV-900160,ORD-500160,CUS-200160,87404.54,2026-07-15T20:58:34.597Z,INR,PAID,Invoice for order ORD-500160
INV-900161,ORD-500161,CUS-200161,62042.09,2026-07-06T13:47:41.499Z,INR,PAID,Invoice for order ORD-500161
INV-900162,ORD-500162,CUS-200162,30875.19,2026-07-15T18:47:00.448Z,INR,PAID,Invoice for order ORD-500162
INV-900163,ORD-500163,CUS-200163,20979.87,2026-08-04T03:31:15.026Z,INR,PAID,Invoice for order ORD-500163
INV-900164,ORD-500164,CUS-200164,73350.83,2026-07-30T19:40:50.831Z,INR,PAID,Invoice for order ORD-500164
INV-900165,ORD-500165,CUS-200165,97784.21,2026-08-23T18:24:36.092Z,INR,PAID,Invoice for order ORD-500165
INV-900166,ORD-500166,CUS-200166,55022.16,2026-07-30T10:37:22.263Z,INR,PAID,Invoice for order ORD-500166
INV-900167,ORD-500167,CUS-200167,19523.23,2026-07-14T15:55:55.314Z,INR,PAID,Invoice for order ORD-500167
INV-900168,ORD-500168,CUS-200168,96314.97,2026-07-11T04:43:15.324Z,INR,PAID,Invoice for order ORD-500168
INV-900169,ORD-500169,CUS-200169,70823.68,2026-07-26T00:04:37.953Z,INR,PAID,Invoice for order ORD-500169
INV-900170,ORD-500170,CUS-200170,48221.57,2026-08-08T09:47:31.036Z,INR,PAID,Invoice for order ORD-500170
INV-900171,ORD-500171,CUS-200171,20302.83,2026-07-07T16:15:25.268Z,INR,PAID,Invoice for order ORD-500171
INV-900172,ORD-500172,CUS-200172,50356.73,2026-08-27T02:33:44.036Z,INR,PAID,Invoice for order ORD-500172
INV-900173,ORD-500173,CUS-200173,7161.34,2026-08-23T12:50:17.068Z,INR,PAID,Invoice for order ORD-500173
INV-900174,ORD-500174,CUS-200174,45632.07,2026-08-24T18:33:07.463Z,INR,PAID,Invoice for order ORD-500174
INV-900175,ORD-500175,CUS-200175,63152.42,2026-07-02T10:45:43.193Z,INR,PAID,Invoice for order ORD-500175
INV-900176,ORD-500176,CUS-200176,60248.63,2026-08-04T07:41:28.838Z,INR,PAID,Invoice for order ORD-500176
INV-900177,ORD-500177,CUS-200177,70578.54,2026-07-06T21:52:58.561Z,INR,PAID,Invoice for order ORD-500177
INV-900178,ORD-500178,CUS-200178,3440.54,2026-08-22T05:25:35.638Z,INR,PAID,Invoice for order ORD-500178
INV-900179,ORD-500179,CUS-200179,27745.41,2026-07-07T14:46:18.218Z,INR,PAID,Invoice for order ORD-500179
INV-900180,ORD-500180,CUS-200180,41931.76,2026-07-24T05:58:43.575Z,INR,PAID,Invoice for order ORD-500180
INV-900181,ORD-500181,CUS-200181,57119.07,2026-08-04T17:17:25.794Z,INR,PAID,Invoice for order ORD-500181
INV-900182,ORD-500182,CUS-200182,912.03,2026-08-10T13:59:50.043Z,INR,PAID,Invoice for order ORD-500182
INV-900183,ORD-500183,CUS-200183,55127.25,2026-08-07T19:44:00.576Z,INR,PAID,Invoice for order ORD-500183
INV-900184,ORD-500184,CUS-200184,6465.71,2026-07-19T07:37:39.489Z,INR,PAID,Invoice for order ORD-500184
INV-900185,ORD-500185,CUS-200185,2616.96,2026-07-24T19:15:35.314Z,INR,PAID,Invoice for order ORD-500185
INV-900186,ORD-500186,CUS-200186,59717.33,2026-08-22T04:28:26.915Z,INR,PAID,Invoice for order ORD-500186
INV-900187,ORD-500187,CUS-200187,41368.05,2026-07-02T15:12:38.746Z,INR,PAID,Invoice for order ORD-500187
INV-900188,ORD-500188,CUS-200188,85058.44,2026-07-14T16:35:00.028Z,INR,PAID,Invoice for order ORD-500188
INV-900189,ORD-500189,CUS-200189,25462.56,2026-07-25T23:12:33.697Z,INR,PAID,Invoice for order ORD-500189
INV-900190,ORD-500190,CUS-200190,69111.66,2026-07-16T19:54:49.988Z,INR,PAID,Invoice for order ORD-500190
INV-900191,ORD-500191,CUS-200191,84265.09,2026-07-27T14:10:53.485Z,INR,PAID,Invoice for order ORD-500191
INV-900192,ORD-500192,CUS-200192,76937.03,2026-08-30T03:16:45.025Z,INR,PAID,Invoice for order ORD-500192
INV-900193,ORD-500193,CUS-200193,49273.89,2026-07-18T03:07:06.256Z,INR,PAID,Invoice for order ORD-500193
INV-900194,ORD-500194,CUS-200194,30812.78,2026-08-07T02:57:40.613Z,INR,PAID,Invoice for order ORD-500194
INV-900195,ORD-500195,CUS-200195,92699.91,2026-07-23T12:00:58.717Z,INR,PAID,Invoice for order ORD-500195
INV-900196,ORD-500196,CUS-200196,45095.42,2026-07-14T17:35:34.249Z,INR,PAID,Invoice for order ORD-500196
INV-900197,ORD-500197,CUS-200197,75115.63,2026-07-13T14:29:07.630Z,INR,PAID,Invoice for order ORD-500197
INV-900198,ORD-500198,CUS-200198,63202.18,2026-07-11T12:59:22.244Z,INR,PAID,Invoice for order ORD-500198
INV-900199,ORD-500199,CUS-200199,89929.67,2026-08-04T08:30:39.313Z,INR,PAID,Invoice for order ORD-500199
INV-900200,ORD-500200,CUS-200200,13429.76,2026-08-23T19:53:20.342Z,INR,PAID,Invoice for order ORD-500200
INV-900201,ORD-500201,CUS-200201,99482.84,2026-07-20T05:16:44.239Z,INR,PAID,Invoice for order ORD-500201
INV-900202,ORD-500202,CUS-200202,29047.51,2026-07-22T23:30:49.314Z,INR,PAID,Invoice for order ORD-500202
INV-900203,ORD-500203,CUS-200203,69767.53,2026-07-21T02:20:55.736Z,INR,PAID,Invoice for order ORD-500203
INV-900204,ORD-500204,CUS-200204,40547.64,2026-07-05T01:01:21.113Z,INR,PAID,Invoice for order ORD-500204
INV-900205,ORD-500205,CUS-200205,97941.61,2026-07-13T12:15:18.627Z,INR,PAID,Invoice for order ORD-500205
INV-900206,ORD-500206,CUS-200206,74519.97,2026-07-01T03:45:10.467Z,INR,PAID,Invoice for order ORD-500206
INV-900207,ORD-500207,CUS-200207,87781.61,2026-08-04T04:22:05.568Z,INR,PAID,Invoice for order ORD-500207
INV-900208,ORD-500208,CUS-200208,72411.9,2026-08-11T07:10:41.233Z,INR,PAID,Invoice for order ORD-500208
INV-900209,ORD-500209,CUS-200209,19793.77,2026-07-07T15:01:05.668Z,INR,PAID,Invoice for order ORD-500209
INV-900210,ORD-500210,CUS-200210,95554.85,2026-07-06T23:12:56.185Z,INR,PAID,Invoice for order ORD-500210
INV-900211,ORD-500211,CUS-200211,95817.34,2026-07-27T19:00:31.903Z,INR,PAID,Invoice for order ORD-500211
INV-900212,ORD-500212,CUS-200212,99855.13,2026-08-17T20:25:13.273Z,INR,PAID,Invoice for order ORD-500212
INV-900213,ORD-500213,CUS-200213,63808.04,2026-08-02T05:11:50.653Z,INR,PAID,Invoice for order ORD-500213
INV-900214,ORD-500214,CUS-200214,68678.86,2026-08-21T07:11:00.774Z,INR,PAID,Invoice for order ORD-500214
INV-900215,ORD-500215,CUS-200215,52122.8,2026-07-30T03:18:48.626Z,INR,PAID,Invoice for order ORD-500215
INV-900216,ORD-500216,CUS-200216,73075.57,2026-08-29T20:49:48.144Z,INR,PAID,Invoice for order ORD-500216
INV-900217,ORD-500217,CUS-200217,31534.55,2026-07-25T08:06:59.252Z,INR,PAID,Invoice for order ORD-500217
INV-900218,ORD-500218,CUS-200218,11602.53,2026-07-27T05:58:08.730Z,INR,PAID,Invoice for order ORD-500218
INV-900219,ORD-500219,CUS-200219,65131.83,2026-07-24T05:51:32.557Z,INR,PAID,Invoice for order ORD-500219
INV-900220,ORD-500220,CUS-200220,49200.68,2026-08-26T01:06:04.900Z,INR,PAID,Invoice for order ORD-500220
INV-900221,ORD-500221,CUS-200221,76195.08,2026-07-16T05:19:49.350Z,INR,PAID,Invoice for order ORD-500221
INV-900222,ORD-500222,CUS-200222,62151.2,2026-07-01T14:49:15.490Z,INR,PAID,Invoice for order ORD-500222
INV-900223,ORD-500223,CUS-200223,54234.46,2026-08-23T15:59:32.480Z,INR,PAID,Invoice for order ORD-500223
INV-900224,ORD-500224,CUS-200224,74978.94,2026-08-15T19:28:29.915Z,INR,PAID,Invoice for order ORD-500224
INV-900225,ORD-500225,CUS-200225,95216.23,2026-08-09T18:24:14.756Z,INR,PAID,Invoice for order ORD-500225
INV-900226,ORD-500226,CUS-200226,90183.09,2026-08-07T15:21:12.540Z,INR,PAID,Invoice for order ORD-500226
INV-900227,ORD-500227,CUS-200227,34239.53,2026-08-11T01:44:45.032Z,INR,PAID,Invoice for order ORD-500227
INV-900228,ORD-500228,CUS-200228,30936.18,2026-08-03T17:52:55.440Z,INR,PAID,Invoice for order ORD-500228
INV-900229,ORD-500229,CUS-200229,34447.58,2026-07-07T11:18:30.791Z,INR,PAID,Invoice for order ORD-500229
INV-900230,ORD-500230,CUS-200230,80317.67,2026-07-06T00:22:26.908Z,INR,PAID,Invoice for order ORD-500230
INV-900231,ORD-500231,CUS-200231,57309,2026-08-23T09:48:27.489Z,INR,PAID,Invoice for order ORD-500231
INV-900232,ORD-500232,CUS-200232,87907.04,2026-07-26T07:10:27.535Z,INR,PAID,Invoice for order ORD-500232
INV-900233,ORD-500233,CUS-200233,482.1,2026-07-13T11:48:31.748Z,INR,PAID,Invoice for order ORD-500233
INV-900234,ORD-500234,CUS-200234,50773.09,2026-07-06T15:59:05.037Z,INR,PAID,Invoice for order ORD-500234
INV-900235,ORD-500235,CUS-200235,69918.74,2026-08-11T04:55:17.402Z,INR,PAID,Invoice for order ORD-500235
INV-900236,ORD-500236,CUS-200236,54227.78,2026-07-10T21:18:53.366Z,INR,PAID,Invoice for order ORD-500236
INV-900237,ORD-500237,CUS-200237,1571.05,2026-08-04T10:13:10.229Z,INR,PAID,Invoice for order ORD-500237
INV-900238,ORD-500238,CUS-200238,96785.79,2026-07-14T01:49:51.025Z,INR,PAID,Invoice for order ORD-500238
INV-900239,ORD-500239,CUS-200239,67275.57,2026-07-21T03:05:29.131Z,INR,PAID,Invoice for order ORD-500239
INV-900240,ORD-500240,CUS-200240,12751.19,2026-08-22T06:24:17.895Z,INR,PAID,Invoice for order ORD-500240
INV-900241,ORD-500241,CUS-200241,61700.44,2026-08-29T11:54:08.354Z,INR,PAID,Invoice for order ORD-500241
INV-900242,ORD-500242,CUS-200242,73161,2026-07-11T21:22:29.237Z,INR,PAID,Invoice for order ORD-500242
INV-900243,ORD-500243,CUS-200243,53494.95,2026-07-27T00:57:57.235Z,INR,PAID,Invoice for order ORD-500243
INV-900244,ORD-500244,CUS-200244,76419.68,2026-07-16T09:25:19.922Z,INR,PAID,Invoice for order ORD-500244
INV-900245,ORD-500245,CUS-200245,78771.31,2026-08-11T20:52:50.847Z,INR,PAID,Invoice for order ORD-500245
INV-900246,ORD-500246,CUS-200246,53877.3,2026-08-23T16:04:01.304Z,INR,PAID,Invoice for order ORD-500246
INV-900247,ORD-500247,CUS-200247,40119.43,2026-07-05T03:46:36.750Z,INR,PAID,Invoice for order ORD-500247
INV-900248,ORD-500248,CUS-200248,13207.28,2026-07-16T04:32:37.529Z,INR,PAID,Invoice for order ORD-500248
INV-900249,ORD-500249,CUS-200249,21601.04,2026-08-20T17:56:50.000Z,INR,PAID,Invoice for order ORD-500249
INV-900250,ORD-500250,CUS-200250,34343.94,2026-07-08T10:17:27.484Z,INR,PAID,Invoice for order ORD-500250
INV-900251,ORD-500251,CUS-200251,40832.08,2026-08-10T11:12:30.340Z,INR,PAID,Invoice for order ORD-500251
INV-900252,ORD-500252,CUS-200252,15716.81,2026-08-17T06:55:52.875Z,INR,PAID,Invoice for order ORD-500252
INV-900253,ORD-500253,CUS-200253,86437.82,2026-07-26T11:38:12.505Z,INR,PAID,Invoice for order ORD-500253
INV-900254,ORD-500254,CUS-200254,64184.15,2026-08-13T21:57:22.413Z,INR,PAID,Invoice for order ORD-500254
INV-900255,ORD-500255,CUS-200255,45195.03,2026-07-08T16:34:12.310Z,INR,PAID,Invoice for order ORD-500255
INV-900256,ORD-500256,CUS-200256,19592.76,2026-08-10T05:51:06.376Z,INR,PAID,Invoice for order ORD-500256
INV-900257,ORD-500257,CUS-200257,59055.49,2026-07-22T16:26:38.169Z,INR,PAID,Invoice for order ORD-500257
INV-900258,ORD-500258,CUS-200258,25393.03,2026-08-04T19:36:55.213Z,INR,PAID,Invoice for order ORD-500258
INV-900259,ORD-500259,CUS-200259,79117.43,2026-08-24T05:38:59.518Z,INR,PAID,Invoice for order ORD-500259
INV-900260,ORD-500260,CUS-200260,94786.19,2026-07-29T05:00:30.264Z,INR,PAID,Invoice for order ORD-500260
INV-900261,ORD-500261,CUS-200261,50570.92,2026-07-29T02:39:20.497Z,INR,PAID,Invoice for order ORD-500261
INV-900262,ORD-500262,CUS-200262,93893.33,2026-08-28T08:58:43.988Z,INR,PAID,Invoice for order ORD-500262
INV-900263,ORD-500263,CUS-200263,85132.83,2026-07-05T17:37:19.137Z,INR,PAID,Invoice for order ORD-500263
INV-900264,ORD-500264,CUS-200264,63082.35,2026-07-27T11:57:31.516Z,INR,PAID,Invoice for order ORD-500264
INV-900265,ORD-500265,CUS-200265,4901.18,2026-07-22T10:10:39.151Z,INR,PAID,Invoice for order ORD-500265
INV-900266,ORD-500266,CUS-200266,50387.63,2026-07-08T22:42:14.692Z,INR,PAID,Invoice for order ORD-500266
INV-900267,ORD-500267,CUS-200267,79840.39,2026-07-31T13:23:03.313Z,INR,PAID,Invoice for order ORD-500267
INV-900268,ORD-500268,CUS-200268,16777.02,2026-08-22T04:29:34.155Z,INR,PAID,Invoice for order ORD-500268
INV-900269,ORD-500269,CUS-200269,96052.64,2026-08-16T23:43:34.293Z,INR,PAID,Invoice for order ORD-500269
INV-900270,ORD-500270,CUS-200270,26980.41,2026-08-21T12:19:54.371Z,INR,PAID,Invoice for order ORD-500270
INV-900271,ORD-500271,CUS-200271,71839.89,2026-07-31T23:42:00.679Z,INR,PAID,Invoice for order ORD-500271
INV-900272,ORD-500272,CUS-200272,41762.57,2026-07-30T20:50:50.933Z,INR,PAID,Invoice for order ORD-500272
INV-900273,ORD-500273,CUS-200273,62509.12,2026-08-13T17:45:52.788Z,INR,PAID,Invoice for order ORD-500273
INV-900274,ORD-500274,CUS-200274,6318.26,2026-07-29T09:14:48.777Z,INR,PAID,Invoice for order ORD-500274
INV-900275,ORD-500275,CUS-200275,47664.92,2026-08-26T05:31:14.762Z,INR,PAID,Invoice for order ORD-500275
INV-900276,ORD-500276,CUS-200276,70659.57,2026-07-11T13:37:54.384Z,INR,PAID,Invoice for order ORD-500276
INV-900277,ORD-500277,CUS-200277,46461.43,2026-07-28T10:33:16.295Z,INR,PAID,Invoice for order ORD-500277
INV-900278,ORD-500278,CUS-200278,10371.89,2026-08-15T03:32:14.367Z,INR,PAID,Invoice for order ORD-500278
INV-900279,ORD-500279,CUS-200279,58494.22,2026-07-24T05:51:39.248Z,INR,PAID,Invoice for order ORD-500279
INV-900280,ORD-500280,CUS-200280,17404.98,2026-07-20T13:20:17.257Z,INR,PAID,Invoice for order ORD-500280
INV-900281,ORD-500281,CUS-200281,36095.38,2026-07-05T13:42:01.226Z,INR,PAID,Invoice for order ORD-500281
INV-900282,ORD-500282,CUS-200282,43858.25,2026-08-06T01:37:34.660Z,INR,PAID,Invoice for order ORD-500282
INV-900283,ORD-500283,CUS-200283,65795.71,2026-08-25T09:36:20.141Z,INR,PAID,Invoice for order ORD-500283
INV-900284,ORD-500284,CUS-200284,69982.8,2026-07-09T05:18:52.314Z,INR,PAID,Invoice for order ORD-500284
INV-900285,ORD-500285,CUS-200285,29130.48,2026-07-30T11:33:40.584Z,INR,PAID,Invoice for order ORD-500285
INV-900286,ORD-500286,CUS-200286,81076.2,2026-07-12T16:33:10.990Z,INR,PAID,Invoice for order ORD-500286
INV-900287,ORD-500287,CUS-200287,28232.87,2026-08-08T17:37:14.775Z,INR,PAID,Invoice for order ORD-500287
INV-900288,ORD-500288,CUS-200288,43958.15,2026-08-23T11:04:21.518Z,INR,PAID,Invoice for order ORD-500288
INV-900289,ORD-500289,CUS-200289,63776.47,2026-08-20T21:54:17.669Z,INR,PAID,Invoice for order ORD-500289
INV-900290,ORD-500290,CUS-200290,10304.22,2026-07-28T20:46:37.617Z,INR,PAID,Invoice for order ORD-500290
INV-900291,ORD-500291,CUS-200291,37838.23,2026-08-20T07:32:37.722Z,INR,PAID,Invoice for order ORD-500291
INV-900292,ORD-500292,CUS-200292,21150.7,2026-07-20T04:48:24.579Z,INR,PAID,Invoice for order ORD-500292
INV-900293,ORD-500293,CUS-200293,87449.94,2026-08-13T05:10:41.669Z,INR,PAID,Invoice for order ORD-500293
INV-900294,ORD-500294,CUS-200294,74283.53,2026-08-02T01:22:51.218Z,INR,PAID,Invoice for order ORD-500294
INV-900295,ORD-500295,CUS-200295,38733.72,2026-08-15T02:37:43.557Z,INR,PAID,Invoice for order ORD-500295
INV-900296,ORD-500296,CUS-200296,27258.4,2026-07-14T07:59:56.892Z,INR,PAID,Invoice for order ORD-500296
INV-900297,ORD-500297,CUS-200297,58168.26,2026-08-21T11:46:15.121Z,INR,PAID,Invoice for order ORD-500297
INV-900298,ORD-500298,CUS-200298,72585.19,2026-08-26T22:32:44.761Z,INR,PAID,Invoice for order ORD-500298
INV-900299,ORD-500299,CUS-200299,85252.34,2026-06-30T18:01:16.515Z,INR,PAID,Invoice for order ORD-500299
INV-900300,ORD-500300,CUS-200300,23717.42,2026-08-07T04:59:06.836Z,INR,PAID,Invoice for order ORD-500300
INV-900301,ORD-500301,CUS-200301,99112.78,2026-08-10T19:38:43.242Z,INR,PAID,Invoice for order ORD-500301
INV-900302,ORD-500302,CUS-200302,12234.38,2026-08-12T06:10:35.738Z,INR,PAID,Invoice for order ORD-500302
INV-900303,ORD-500303,CUS-200303,23391.12,2026-07-23T04:50:17.009Z,INR,PAID,Invoice for order ORD-500303
INV-900304,ORD-500304,CUS-200304,15559.31,2026-07-04T16:21:22.456Z,INR,PAID,Invoice for order ORD-500304
INV-900305,ORD-500305,CUS-200305,52328.83,2026-08-11T03:42:35.145Z,INR,PAID,Invoice for order ORD-500305
INV-900306,ORD-500306,CUS-200306,22840.58,2026-07-06T13:32:58.790Z,INR,PAID,Invoice for order ORD-500306
INV-900307,ORD-500307,CUS-200307,1999.82,2026-07-12T00:25:35.028Z,INR,PAID,Invoice for order ORD-500307
INV-900308,ORD-500308,CUS-200308,2101.18,2026-07-19T20:04:17.517Z,INR,PAID,Invoice for order ORD-500308
INV-900309,ORD-500309,CUS-200309,304.42,2026-08-16T10:18:26.922Z,INR,PAID,Invoice for order ORD-500309
INV-900310,ORD-500310,CUS-200310,74756.86,2026-07-25T23:51:32.698Z,INR,PAID,Invoice for order ORD-500310
INV-900311,ORD-500311,CUS-200311,48285.21,2026-07-03T13:10:40.413Z,INR,PAID,Invoice for order ORD-500311
INV-900312,ORD-500312,CUS-200312,21779.98,2026-07-01T06:09:26.934Z,INR,PAID,Invoice for order ORD-500312
INV-900313,ORD-500313,CUS-200313,52444.96,2026-07-22T05:11:56.606Z,INR,PAID,Invoice for order ORD-500313
INV-900314,ORD-500314,CUS-200314,63766.85,2026-08-09T04:32:11.743Z,INR,PAID,Invoice for order ORD-500314
INV-900315,ORD-500315,CUS-200315,64085.55,2026-07-02T22:16:20.006Z,INR,PAID,Invoice for order ORD-500315
INV-900316,ORD-500316,CUS-200316,67916.8,2026-07-06T13:52:01.577Z,INR,PAID,Invoice for order ORD-500316
INV-900317,ORD-500317,CUS-200317,16136.18,2026-07-04T16:24:41.007Z,INR,PAID,Invoice for order ORD-500317
INV-900318,ORD-500318,CUS-200318,51572.76,2026-08-11T14:13:11.457Z,INR,PAID,Invoice for order ORD-500318
INV-900319,ORD-500319,CUS-200319,25944.98,2026-07-02T15:43:31.669Z,INR,PAID,Invoice for order ORD-500319
INV-900320,ORD-500320,CUS-200320,76771.98,2026-08-09T10:10:32.450Z,INR,PAID,Invoice for order ORD-500320
INV-900321,ORD-500321,CUS-200321,96562.4,2026-08-15T06:19:44.426Z,INR,PAID,Invoice for order ORD-500321
INV-900322,ORD-500322,CUS-200322,76732.94,2026-08-28T22:14:38.736Z,INR,PAID,Invoice for order ORD-500322
INV-900323,ORD-500323,CUS-200323,97092.49,2026-08-11T10:07:05.189Z,INR,PAID,Invoice for order ORD-500323
INV-900324,ORD-500324,CUS-200324,14427.16,2026-08-14T13:29:14.245Z,INR,PAID,Invoice for order ORD-500324
INV-900325,ORD-500325,CUS-200325,98122.39,2026-08-17T03:24:09.231Z,INR,PAID,Invoice for order ORD-500325
INV-900326,ORD-500326,CUS-200326,74572.35,2026-07-30T02:31:56.334Z,INR,PAID,Invoice for order ORD-500326
INV-900327,ORD-500327,CUS-200327,84705.16,2026-07-04T02:22:40.043Z,INR,PAID,Invoice for order ORD-500327
INV-900328,ORD-500328,CUS-200328,14105.1,2026-08-06T09:25:38.274Z,INR,PAID,Invoice for order ORD-500328
INV-900329,ORD-500329,CUS-200329,19859.92,2026-07-29T23:50:58.328Z,INR,PAID,Invoice for order ORD-500329
INV-900330,ORD-500330,CUS-200330,69964.46,2026-07-13T15:45:31.728Z,INR,PAID,Invoice for order ORD-500330
INV-900331,ORD-500331,CUS-200331,98410.38,2026-07-19T00:59:30.057Z,INR,PAID,Invoice for order ORD-500331
INV-900332,ORD-500332,CUS-200332,41013.23,2026-08-14T23:35:44.771Z,INR,PAID,Invoice for order ORD-500332
INV-900333,ORD-500333,CUS-200333,67201.3,2026-07-11T05:43:19.497Z,INR,PAID,Invoice for order ORD-500333
INV-900334,ORD-500334,CUS-200334,32657.93,2026-08-27T22:39:40.362Z,INR,PAID,Invoice for order ORD-500334
INV-900335,ORD-500335,CUS-200335,95156.73,2026-07-20T01:01:24.919Z,INR,PAID,Invoice for order ORD-500335
INV-900336,ORD-500336,CUS-200336,85271.87,2026-07-07T00:09:24.575Z,INR,PAID,Invoice for order ORD-500336
INV-900337,ORD-500337,CUS-200337,25367.04,2026-07-24T12:43:01.595Z,INR,PAID,Invoice for order ORD-500337
INV-900338,ORD-500338,CUS-200338,8596.59,2026-08-20T09:22:33.262Z,INR,PAID,Invoice for order ORD-500338
INV-900339,ORD-500339,CUS-200339,16558.19,2026-08-21T21:18:38.584Z,INR,PAID,Invoice for order ORD-500339
INV-900340,ORD-500340,CUS-200340,10363.03,2026-08-14T11:08:20.181Z,INR,PAID,Invoice for order ORD-500340
INV-900341,ORD-500341,CUS-200341,62699.74,2026-07-03T03:06:12.647Z,INR,PAID,Invoice for order ORD-500341
INV-900342,ORD-500342,CUS-200342,66756.11,2026-08-17T06:40:19.032Z,INR,PAID,Invoice for order ORD-500342
INV-900343,ORD-500343,CUS-200343,51991.34,2026-07-20T01:12:54.546Z,INR,PAID,Invoice for order ORD-500343
INV-900344,ORD-500344,CUS-200344,7710.79,2026-08-09T06:19:16.173Z,INR,PAID,Invoice for order ORD-500344
INV-900345,ORD-500345,CUS-200345,62125.59,2026-08-05T20:08:29.810Z,INR,PAID,Invoice for order ORD-500345
INV-900346,ORD-500346,CUS-200346,25595.78,2026-07-20T18:57:30.216Z,INR,PAID,Invoice for order ORD-500346
INV-900347,ORD-500347,CUS-200347,86200.35,2026-08-21T17:18:17.985Z,INR,PAID,Invoice for order ORD-500347
INV-900348,ORD-500348,CUS-200348,35579.15,2026-08-07T19:34:49.024Z,INR,PAID,Invoice for order ORD-500348
INV-900349,ORD-500349,CUS-200349,98441.48,2026-08-17T09:22:11.200Z,INR,PAID,Invoice for order ORD-500349
INV-900350,ORD-500350,CUS-200350,47098.91,2026-08-23T03:56:24.046Z,INR,PAID,Invoice for order ORD-500350
INV-900351,ORD-500351,CUS-200351,12539.33,2026-07-02T04:20:24.792Z,INR,PAID,Invoice for order ORD-500351
INV-900352,ORD-500352,CUS-200352,42048.3,2026-07-20T20:34:26.282Z,INR,PAID,Invoice for order ORD-500352
INV-900353,ORD-500353,CUS-200353,8794.98,2026-07-05T08:07:59.611Z,INR,PAID,Invoice for order ORD-500353
INV-900354,ORD-500354,CUS-200354,14550.2,2026-08-01T18:47:47.555Z,INR,PAID,Invoice for order ORD-500354
INV-900355,ORD-500355,CUS-200355,20556.72,2026-07-02T09:56:17.468Z,INR,PAID,Invoice for order ORD-500355
INV-900356,ORD-500356,CUS-200356,99505.21,2026-08-12T00:38:05.121Z,INR,PAID,Invoice for order ORD-500356
INV-900357,ORD-500357,CUS-200357,24699.42,2026-07-07T03:43:48.101Z,INR,PAID,Invoice for order ORD-500357
INV-900358,ORD-500358,CUS-200358,30773.55,2026-07-27T13:45:37.069Z,INR,PAID,Invoice for order ORD-500358
INV-900359,ORD-500359,CUS-200359,91501.58,2026-08-23T01:17:37.895Z,INR,PAID,Invoice for order ORD-500359
INV-900360,ORD-500360,CUS-200360,2659.56,2026-08-29T01:45:00.270Z,INR,PAID,Invoice for order ORD-500360
INV-900361,ORD-500361,CUS-200361,63301.2,2026-08-21T23:32:57.447Z,INR,PAID,Invoice for order ORD-500361
INV-900362,ORD-500362,CUS-200362,2928.86,2026-08-20T23:58:02.079Z,INR,PAID,Invoice for order ORD-500362
INV-900363,ORD-500363,CUS-200363,58206.25,2026-07-23T12:19:46.984Z,INR,PAID,Invoice for order ORD-500363
INV-900364,ORD-500364,CUS-200364,4970.88,2026-07-22T12:30:11.318Z,INR,PAID,Invoice for order ORD-500364
INV-900365,ORD-500365,CUS-200365,95791.49,2026-07-09T10:34:35.480Z,INR,PAID,Invoice for order ORD-500365
INV-900366,ORD-500366,CUS-200366,1240.99,2026-07-20T23:27:23.476Z,INR,PAID,Invoice for order ORD-500366
INV-900367,ORD-500367,CUS-200367,12375.15,2026-08-25T13:39:01.204Z,INR,PAID,Invoice for order ORD-500367
INV-900368,ORD-500368,CUS-200368,97647.89,2026-07-13T21:50:59.398Z,INR,PAID,Invoice for order ORD-500368
INV-900369,ORD-500369,CUS-200369,39829.63,2026-08-14T10:38:28.311Z,INR,PAID,Invoice for order ORD-500369
INV-900370,ORD-500370,CUS-200370,7109.62,2026-07-11T17:11:36.174Z,INR,PAID,Invoice for order ORD-500370
INV-900371,ORD-500371,CUS-200371,68084.51,2026-08-29T04:40:35.975Z,INR,PAID,Invoice for order ORD-500371
INV-900372,ORD-500372,CUS-200372,55555.86,2026-08-18T14:36:23.235Z,INR,PAID,Invoice for order ORD-500372
INV-900373,ORD-500373,CUS-200373,45420.26,2026-07-14T16:46:53.395Z,INR,PAID,Invoice for order ORD-500373
INV-900374,ORD-500374,CUS-200374,88623.24,2026-08-12T19:59:26.102Z,INR,PAID,Invoice for order ORD-500374
INV-900375,ORD-500375,CUS-200375,13772.53,2026-07-07T12:20:05.940Z,INR,PAID,Invoice for order ORD-500375
INV-900376,ORD-500376,CUS-200376,1843.09,2026-07-14T10:31:24.579Z,INR,PAID,Invoice for order ORD-500376
INV-900377,ORD-500377,CUS-200377,70661.52,2026-08-02T10:06:04.509Z,INR,PAID,Invoice for order ORD-500377
INV-900378,ORD-500378,CUS-200378,68475.8,2026-08-24T12:12:11.565Z,INR,PAID,Invoice for order ORD-500378
INV-900379,ORD-500379,CUS-200379,9374.84,2026-07-02T07:40:32.122Z,INR,PAID,Invoice for order ORD-500379
INV-900380,ORD-500380,CUS-200380,69272.38,2026-08-02T06:49:13.013Z,INR,PAID,Invoice for order ORD-500380
INV-900381,ORD-500381,CUS-200381,66356.37,2026-07-18T15:29:38.581Z,INR,PAID,Invoice for order ORD-500381
INV-900382,ORD-500382,CUS-200382,71959.43,2026-08-26T17:04:18.994Z,INR,PAID,Invoice for order ORD-500382
INV-900383,ORD-500383,CUS-200383,13734.78,2026-08-01T16:47:45.940Z,INR,PAID,Invoice for order ORD-500383
INV-900384,ORD-500384,CUS-200384,58918.35,2026-07-18T06:03:20.124Z,INR,PAID,Invoice for order ORD-500384
INV-900385,ORD-500385,CUS-200385,15554.3,2026-07-03T14:36:34.399Z,INR,PAID,Invoice for order ORD-500385
INV-900386,ORD-500386,CUS-200386,70981.64,2026-07-13T03:35:23.057Z,INR,PAID,Invoice for order ORD-500386
INV-900387,ORD-500387,CUS-200387,47993.35,2026-08-22T01:26:40.107Z,INR,PAID,Invoice for order ORD-500387
INV-900388,ORD-500388,CUS-200388,21866.67,2026-08-02T02:12:33.067Z,INR,PAID,Invoice for order ORD-500388
INV-900389,ORD-500389,CUS-200389,98065.65,2026-08-09T07:26:13.206Z,INR,PAID,Invoice for order ORD-500389
INV-900390,ORD-500390,CUS-200390,61530.57,2026-08-30T04:46:01.159Z,INR,PAID,Invoice for order ORD-500390
INV-900391,ORD-500391,CUS-200391,29038.36,2026-08-09T03:40:36.407Z,INR,PAID,Invoice for order ORD-500391
INV-900392,ORD-500392,CUS-200392,17226.05,2026-07-21T15:50:57.490Z,INR,PAID,Invoice for order ORD-500392
INV-900393,ORD-500393,CUS-200393,76165.58,2026-07-20T08:52:51.145Z,INR,PAID,Invoice for order ORD-500393
INV-900394,ORD-500394,CUS-200394,39486.49,2026-08-25T13:10:12.297Z,INR,PAID,Invoice for order ORD-500394
INV-900395,ORD-500395,CUS-200395,29967.63,2026-07-09T01:56:40.343Z,INR,PAID,Invoice for order ORD-500395
INV-900396,ORD-500396,CUS-200396,22038.99,2026-07-25T11:15:39.838Z,INR,PAID,Invoice for order ORD-500396
INV-900397,ORD-500397,CUS-200397,19680.07,2026-07-29T10:42:13.615Z,INR,PAID,Invoice for order ORD-500397
INV-900398,ORD-500398,CUS-200398,63553.19,2026-08-27T14:36:30.315Z,INR,PAID,Invoice for order ORD-500398
INV-900399,ORD-500399,CUS-200399,51295.72,2026-08-24T16:59:12.662Z,INR,PAID,Invoice for order ORD-500399
INV-900400,ORD-500400,CUS-200400,94552.21,2026-07-08T10:24:39.035Z,INR,PAID,Invoice for order ORD-500400
INV-900401,ORD-500401,CUS-200401,18120.95,2026-08-18T04:12:41.464Z,INR,PAID,Invoice for order ORD-500401
INV-900402,ORD-500402,CUS-200402,19757.7,2026-07-23T00:50:41.513Z,INR,PAID,Invoice for order ORD-500402
INV-900403,ORD-500403,CUS-200403,10009.17,2026-08-28T00:54:07.746Z,INR,PAID,Invoice for order ORD-500403
INV-900404,ORD-500404,CUS-200404,18182.58,2026-07-17T04:37:17.538Z,INR,PAID,Invoice for order ORD-500404
INV-900405,ORD-500405,CUS-200405,49012.33,2026-08-20T03:03:19.086Z,INR,PAID,Invoice for order ORD-500405
INV-900406,ORD-500406,CUS-200406,25641.56,2026-08-29T10:12:16.644Z,INR,PAID,Invoice for order ORD-500406
INV-900407,ORD-500407,CUS-200407,79149.6,2026-06-30T12:46:28.893Z,INR,PAID,Invoice for order ORD-500407
INV-900408,ORD-500408,CUS-200408,76089.77,2026-07-15T10:50:01.765Z,INR,PAID,Invoice for order ORD-500408
INV-900409,ORD-500409,CUS-200409,97625.46,2026-08-09T19:31:34.377Z,INR,PAID,Invoice for order ORD-500409
INV-900410,ORD-500410,CUS-200410,39642.35,2026-08-16T23:57:27.273Z,INR,PAID,Invoice for order ORD-500410
INV-900411,ORD-500411,CUS-200411,37079.63,2026-07-10T02:13:50.465Z,INR,PAID,Invoice for order ORD-500411
INV-900412,ORD-500412,CUS-200412,35841.2,2026-07-26T02:19:41.903Z,INR,PAID,Invoice for order ORD-500412
INV-900413,ORD-500413,CUS-200413,48914.29,2026-07-17T08:43:00.573Z,INR,PAID,Invoice for order ORD-500413
INV-900414,ORD-500414,CUS-200414,63338.76,2026-07-29T10:20:56.533Z,INR,PAID,Invoice for order ORD-500414
INV-900415,ORD-500415,CUS-200415,6861.17,2026-08-02T15:17:56.908Z,INR,PAID,Invoice for order ORD-500415
INV-900416,ORD-500416,CUS-200416,42030.56,2026-07-03T00:47:01.083Z,INR,PAID,Invoice for order ORD-500416
INV-900417,ORD-500417,CUS-200417,96218.93,2026-07-09T08:55:29.961Z,INR,PAID,Invoice for order ORD-500417
INV-900418,ORD-500418,CUS-200418,51507.65,2026-08-21T13:09:14.229Z,INR,PAID,Invoice for order ORD-500418
INV-900419,ORD-500419,CUS-200419,96050.76,2026-08-02T19:57:08.649Z,INR,PAID,Invoice for order ORD-500419
INV-900420,ORD-500420,CUS-200420,46785.55,2026-08-22T02:32:43.943Z,INR,PAID,Invoice for order ORD-500420
INV-900421,ORD-500421,CUS-200421,38679.12,2026-08-23T10:40:29.464Z,INR,PAID,Invoice for order ORD-500421
INV-900422,ORD-500422,CUS-200422,68516.55,2026-08-09T14:37:46.336Z,INR,PAID,Invoice for order ORD-500422
INV-900423,ORD-500423,CUS-200423,68591.8,2026-08-01T11:42:04.876Z,INR,PAID,Invoice for order ORD-500423
INV-900424,ORD-500424,CUS-200424,27476.05,2026-07-17T04:58:54.543Z,INR,PAID,Invoice for order ORD-500424
INV-900425,ORD-500425,CUS-200425,60074.98,2026-07-01T21:43:48.098Z,INR,PAID,Invoice for order ORD-500425
INV-900426,ORD-500426,CUS-200426,55750.11,2026-08-14T18:44:28.867Z,INR,PAID,Invoice for order ORD-500426
INV-900427,ORD-500427,CUS-200427,5658.12,2026-07-22T12:37:13.182Z,INR,PAID,Invoice for order ORD-500427
INV-900428,ORD-500428,CUS-200428,69108.37,2026-08-11T08:47:53.689Z,INR,PAID,Invoice for order ORD-500428
INV-900429,ORD-500429,CUS-200429,12387.18,2026-07-06T02:28:26.320Z,INR,PAID,Invoice for order ORD-500429
INV-900430,ORD-500430,CUS-200430,98243.83,2026-07-24T21:32:16.113Z,INR,PAID,Invoice for order ORD-500430
INV-900431,ORD-500431,CUS-200431,40178.74,2026-07-06T03:10:36.089Z,INR,PAID,Invoice for order ORD-500431
INV-900432,ORD-500432,CUS-200432,13266.83,2026-08-05T07:11:25.596Z,INR,PAID,Invoice for order ORD-500432
INV-900433,ORD-500433,CUS-200433,46543.76,2026-08-26T22:01:57.227Z,INR,PAID,Invoice for order ORD-500433
INV-900434,ORD-500434,CUS-200434,5773.52,2026-07-18T18:32:53.262Z,INR,PAID,Invoice for order ORD-500434
INV-900435,ORD-500435,CUS-200435,71948.53,2026-08-08T08:14:24.446Z,INR,PAID,Invoice for order ORD-500435
INV-900436,ORD-500436,CUS-200436,98738.3,2026-07-10T21:42:23.950Z,INR,PAID,Invoice for order ORD-500436
INV-900437,ORD-500437,CUS-200437,63195.69,2026-08-19T03:30:49.642Z,INR,PAID,Invoice for order ORD-500437
INV-900438,ORD-500438,CUS-200438,45624.02,2026-07-24T12:04:43.390Z,INR,PAID,Invoice for order ORD-500438
INV-900439,ORD-500439,CUS-200439,95504.34,2026-07-10T13:38:47.703Z,INR,PAID,Invoice for order ORD-500439
INV-900440,ORD-500440,CUS-200440,47930.88,2026-08-19T17:41:47.339Z,INR,PAID,Invoice for order ORD-500440
INV-900441,ORD-500441,CUS-200441,76738.52,2026-07-13T13:44:23.083Z,INR,PAID,Invoice for order ORD-500441
INV-900442,ORD-500442,CUS-200442,93835.55,2026-08-07T12:16:58.826Z,INR,PAID,Invoice for order ORD-500442
INV-900443,ORD-500443,CUS-200443,99621.33,2026-08-13T02:41:31.062Z,INR,PAID,Invoice for order ORD-500443
INV-900444,ORD-500444,CUS-200444,72172.51,2026-08-13T05:13:14.055Z,INR,PAID,Invoice for order ORD-500444
INV-900445,ORD-500445,CUS-200445,14372.11,2026-07-22T06:50:44.598Z,INR,PAID,Invoice for order ORD-500445
INV-900446,ORD-500446,CUS-200446,91101.07,2026-08-04T05:52:46.899Z,INR,PAID,Invoice for order ORD-500446
INV-900447,ORD-500447,CUS-200447,20759.24,2026-07-14T23:55:49.493Z,INR,PAID,Invoice for order ORD-500447
INV-900448,ORD-500448,CUS-200448,1250.53,2026-07-09T08:17:46.271Z,INR,PAID,Invoice for order ORD-500448
INV-900449,ORD-500449,CUS-200449,94365.85,2026-07-07T15:07:17.467Z,INR,PAID,Invoice for order ORD-500449
INV-900450,ORD-500450,CUS-200450,19163.25,2026-08-26T05:23:40.052Z,INR,PAID,Invoice for order ORD-500450
INV-900451,ORD-500451,CUS-200451,57963.27,2026-08-21T02:39:08.644Z,INR,PAID,Invoice for order ORD-500451
INV-900452,ORD-500452,CUS-200452,60228.06,2026-08-09T04:21:13.606Z,INR,PAID,Invoice for order ORD-500452
INV-900453,ORD-500453,CUS-200453,55571.31,2026-08-19T06:28:11.798Z,INR,PAID,Invoice for order ORD-500453
INV-900454,ORD-500454,CUS-200454,36134.3,2026-08-27T04:48:00.336Z,INR,PAID,Invoice for order ORD-500454
INV-900455,ORD-500455,CUS-200455,83299.15,2026-07-15T19:25:02.600Z,INR,PAID,Invoice for order ORD-500455
INV-900456,ORD-500456,CUS-200456,48348.22,2026-08-24T12:46:46.041Z,INR,PAID,Invoice for order ORD-500456
INV-900457,ORD-500457,CUS-200457,30699.73,2026-08-18T00:51:26.978Z,INR,PAID,Invoice for order ORD-500457
INV-900458,ORD-500458,CUS-200458,35537.21,2026-08-17T21:25:48.273Z,INR,PAID,Invoice for order ORD-500458
INV-900459,ORD-500459,CUS-200459,3777.27,2026-08-12T09:00:58.548Z,INR,PAID,Invoice for order ORD-500459
INV-900460,ORD-500460,CUS-200460,93412.02,2026-08-18T14:25:06.231Z,INR,PAID,Invoice for order ORD-500460
INV-900461,ORD-500461,CUS-200461,86656.42,2026-08-25T23:07:56.022Z,INR,PAID,Invoice for order ORD-500461
INV-900462,ORD-500462,CUS-200462,16741.9,2026-08-13T16:02:26.106Z,INR,PAID,Invoice for order ORD-500462
INV-900463,ORD-500463,CUS-200463,58595.43,2026-07-29T10:14:18.283Z,INR,PAID,Invoice for order ORD-500463
INV-900464,ORD-500464,CUS-200464,86090.98,2026-07-29T00:54:51.188Z,INR,PAID,Invoice for order ORD-500464
INV-900465,ORD-500465,CUS-200465,75599.27,2026-08-20T16:35:01.770Z,INR,PAID,Invoice for order ORD-500465
INV-900466,ORD-500466,CUS-200466,82044.47,2026-08-04T04:53:45.407Z,INR,PAID,Invoice for order ORD-500466
INV-900467,ORD-500467,CUS-200467,60504.87,2026-07-11T20:49:06.622Z,INR,PAID,Invoice for order ORD-500467
INV-900468,ORD-500468,CUS-200468,18510.32,2026-08-24T07:45:33.331Z,INR,PAID,Invoice for order ORD-500468
INV-900469,ORD-500469,CUS-200469,66763.56,2026-08-09T08:37:14.984Z,INR,PAID,Invoice for order ORD-500469
INV-900470,ORD-500470,CUS-200470,99413.3,2026-08-08T10:45:09.077Z,INR,PAID,Invoice for order ORD-500470
INV-900471,ORD-500471,CUS-200471,11679.46,2026-07-25T19:56:16.667Z,INR,PAID,Invoice for order ORD-500471
INV-900472,ORD-500472,CUS-200472,79813.69,2026-08-09T12:55:50.911Z,INR,PAID,Invoice for order ORD-500472
INV-900473,ORD-500473,CUS-200473,55670.28,2026-07-14T04:56:24.302Z,INR,PAID,Invoice for order ORD-500473
INV-900474,ORD-500474,CUS-200474,93900.21,2026-07-17T06:36:57.707Z,INR,PAID,Invoice for order ORD-500474
INV-900475,ORD-500475,CUS-200475,53942.44,2026-07-05T08:39:21.957Z,INR,PAID,Invoice for order ORD-500475
INV-900476,ORD-500476,CUS-200476,85695.41,2026-08-13T07:59:17.827Z,INR,PAID,Invoice for order ORD-500476
INV-900477,ORD-500477,CUS-200477,69910.15,2026-07-16T23:33:48.079Z,INR,PAID,Invoice for order ORD-500477
INV-900478,ORD-500478,CUS-200478,58090.19,2026-08-12T22:08:50.326Z,INR,PAID,Invoice for order ORD-500478
INV-900479,ORD-500479,CUS-200479,35880.71,2026-08-25T18:38:45.495Z,INR,PAID,Invoice for order ORD-500479
INV-900480,ORD-500480,CUS-200480,41661.07,2026-07-15T03:30:22.797Z,INR,PAID,Invoice for order ORD-500480
INV-900481,ORD-500481,CUS-200481,17470.49,2026-08-29T07:06:58.092Z,INR,PAID,Invoice for order ORD-500481
INV-900482,ORD-500482,CUS-200482,94738.19,2026-08-12T08:35:29.513Z,INR,PAID,Invoice for order ORD-500482
INV-900483,ORD-500483,CUS-200483,3351.12,2026-08-25T00:36:35.638Z,INR,PAID,Invoice for order ORD-500483
INV-900484,ORD-500484,CUS-200484,68352.58,2026-07-12T06:43:07.917Z,INR,PAID,Invoice for order ORD-500484
INV-900485,ORD-500485,CUS-200485,47147.13,2026-08-26T04:43:25.130Z,INR,PAID,Invoice for order ORD-500485
INV-900486,ORD-500486,CUS-200486,31516.32,2026-07-18T05:06:20.892Z,INR,PAID,Invoice for order ORD-500486
INV-900487,ORD-500487,CUS-200487,47758.57,2026-07-15T17:44:58.877Z,INR,PAID,Invoice for order ORD-500487
INV-900488,ORD-500488,CUS-200488,40148.4,2026-08-28T09:14:56.589Z,INR,PAID,Invoice for order ORD-500488
INV-900489,ORD-500489,CUS-200489,17758.62,2026-07-20T04:53:56.454Z,INR,PAID,Invoice for order ORD-500489
INV-900490,ORD-500490,CUS-200490,70369.94,2026-08-18T01:21:37.000Z,INR,PAID,Invoice for order ORD-500490
INV-900491,ORD-500491,CUS-200491,69360.58,2026-08-14T23:39:59.486Z,INR,PAID,Invoice for order ORD-500491
INV-900492,ORD-500492,CUS-200492,12525.11,2026-07-12T06:48:00.823Z,INR,PAID,Invoice for order ORD-500492
INV-900493,ORD-500493,CUS-200493,94454.82,2026-08-25T12:47:55.138Z,INR,PAID,Invoice for order ORD-500493
INV-900494,ORD-500494,CUS-200494,62956.07,2026-07-25T15:17:15.526Z,INR,PAID,Invoice for order ORD-500494
INV-900495,ORD-500495,CUS-200495,37827.95,2026-07-10T21:03:56.040Z,INR,PAID,Invoice for order ORD-500495
INV-900496,ORD-500496,CUS-200496,41141.03,2026-08-11T01:40:57.924Z,INR,PAID,Invoice for order ORD-500496
INV-900497,ORD-500497,CUS-200497,19887.13,2026-07-22T05:13:11.266Z,INR,PAID,Invoice for order ORD-500497
INV-900498,ORD-500498,CUS-200498,23612.63,2026-08-01T06:51:21.930Z,INR,PAID,Invoice for order ORD-500498
INV-900499,ORD-500499,CUS-200499,58566.41,2026-07-15T04:38:24.820Z,INR,PAID,Invoice for order ORD-500499
INV-900500,ORD-500500,CUS-200500,18578.11,2026-07-08T20:03:06.537Z,INR,PAID,Invoice for order ORD-500500