paymentId,orderId,customerId,amount,currency,paymentDate,paymentMethod,status,gateway,description
PAY-100001,ORD-500001,CUS-200001,25309.28,INR,2026-08-05T05:08:22.827Z,UPI,SUCCESS,PayGateway,Order ORD-500001 payment
PAY-100002,ORD-500002,CUS-200002,2663.82,INR,2026-07-08T05:25:31.603Z,WALLET,SUCCESS,QuickPay,Order ORD-500002 payment
PAY-100003,ORD-500003,CUS-200003,85334.95,INR,2026-08-09T03:53:21.788Z,WALLET,SUCCESS,PayGateway,Order ORD-500003 payment
PAY-100004,ORD-500004,CUS-200004,9165.94,INR,2026-08-27T22:55:45.253Z,WALLET,SUCCESS,QuickPay,Order ORD-500004 payment
PAY-100005,ORD-500005,CUS-200005,55095.79,INR,2026-08-03T13:19:30.480Z,CARD,SUCCESS,QuickPay,Order ORD-500005 payment
PAY-100006,ORD-500006,CUS-200006,82167.95,INR,2026-08-20T14:14:01.884Z,CARD,SUCCESS,SyntheticPay,Order ORD-500006 payment
PAY-100007,ORD-500007,CUS-200007,2343.28,INR,2026-08-20T15:03:42.579Z,WALLET,SUCCESS,QuickPay,Order ORD-500007 payment
PAY-100008,ORD-500008,CUS-200008,38137.73,INR,2026-08-12T11:31:31.569Z,NETBANKING,SUCCESS,QuickPay,Order ORD-500008 payment
PAY-100009,ORD-500009,CUS-200009,99029.72,INR,2026-07-06T23:21:51.344Z,UPI,SUCCESS,PayGateway,Order ORD-500009 payment
PAY-100010,ORD-500010,CUS-200010,12787.41,INR,2026-08-06T05:12:24.376Z,WALLET,SUCCESS,PayGateway,Order ORD-500010 payment
PAY-100011,ORD-500011,CUS-200011,21655.33,INR,2026-07-02T03:56:24.261Z,CARD,SUCCESS,PayGateway,Order ORD-500011 payment
PAY-100012,ORD-500012,CUS-200012,88298.32,INR,2026-07-12T18:06:38.695Z,WALLET,SUCCESS,PayGateway,Order ORD-500012 payment
PAY-100013,ORD-500013,CUS-200013,33734.44,INR,2026-07-08T21:22:55.112Z,WALLET,SUCCESS,SyntheticPay,Order ORD-500013 payment
PAY-100014,ORD-500014,CUS-200014,92159.22,INR,2026-07-27T09:50:52.531Z,NETBANKING,SUCCESS,SyntheticPay,Order ORD-500014 payment
PAY-100015,ORD-500015,CUS-200015,11947.46,INR,2026-07-08T03:50:11.254Z,UPI,SUCCESS,PayGateway,Order ORD-500015 payment
PAY-100016,ORD-500016,CUS-200016,69812.66,INR,2026-07-13T18:57:47.041Z,UPI,SUCCESS,QuickPay,Order ORD-500016 payment
PAY-100017,ORD-500017,CUS-200017,88194.01,INR,2026-08-12T12:39:20.681Z,WALLET,SUCCESS,PayGateway,Order ORD-500017 payment
PAY-100018,ORD-500018,CUS-200018,15400.4,INR,2026-08-02T22:17:11.011Z,NETBANKING,SUCCESS,QuickPay,Order ORD-500018 payment
PAY-100019,ORD-500019,CUS-200019,42653.67,INR,2026-07-27T05:54:25.364Z,UPI,SUCCESS,SyntheticPay,Order ORD-500019 payment
PAY-100020,ORD-500020,CUS-200020,82589.92,INR,2026-08-18T18:45:49.298Z,UPI,SUCCESS,PayGateway,Order ORD-500020 payment
PAY-100021,ORD-500021,CUS-200021,28388.91,INR,2026-08-21T07:10:04.240Z,WALLET,SUCCESS,SyntheticPay,Order ORD-500021 payment
PAY-100022,ORD-500022,CUS-200022,31671.24,INR,2026-07-17T02:38:07.674Z,CARD,SUCCESS,SyntheticPay,Order ORD-500022 payment
PAY-100023,ORD-500023,CUS-200023,64833.22,INR,2026-07-29T22:31:41.060Z,CARD,SUCCESS,PayGateway,Order ORD-500023 payment
PAY-100024,ORD-500024,CUS-200024,70102.91,INR,2026-08-06T19:36:30.867Z,UPI,SUCCESS,PayGateway,Order ORD-500024 payment
PAY-100025,ORD-500025,CUS-200025,41890.32,INR,2026-07-15T08:38:59.233Z,WALLET,SUCCESS,QuickPay,Order ORD-500025 payment
PAY-100026,ORD-500026,CUS-200026,57178.67,INR,2026-07-02T13:07:29.951Z,CARD,SUCCESS,PayGateway,Order ORD-500026 payment
PAY-100027,ORD-500027,CUS-200027,50270.82,INR,2026-08-29T18:36:07.625Z,NETBANKING,SUCCESS,QuickPay,Order ORD-500027 payment
PAY-100028,ORD-500028,CUS-200028,30950.02,INR,2026-08-11T19:28:49.670Z,UPI,SUCCESS,PayGateway,Order ORD-500028 payment
PAY-100029,ORD-500029,CUS-200029,46144.079999999994,INR,2026-08-29T07:29:38.193Z,UPI,SUCCESS,PayGateway,Order ORD-500029 payment
PAY-100030,ORD-500030,CUS-200030,30393.13,INR,2026-08-10T17:52:55.579Z,CARD,SUCCESS,SyntheticPay,Order ORD-500030 payment
PAY-100031,ORD-500031,CUS-200031,72139.35,INR,2026-07-03T02:10:08.175Z,WALLET,SUCCESS,QuickPay,Order ORD-500031 payment
PAY-100032,ORD-500032,CUS-200032,90420.52,INR,2026-08-02T18:03:25.324Z,WALLET,SUCCESS,QuickPay,Order ORD-500032 payment
PAY-100033,ORD-500033,CUS-200033,62138.47,INR,2026-07-04T07:54:26.452Z,NETBANKING,SUCCESS,PayGateway,Order ORD-500033 payment
PAY-100034,ORD-500034,CUS-200034,25027.6,INR,2026-07-02T11:14:07.723Z,WALLET,SUCCESS,PayGateway,Order ORD-500034 payment
PAY-100035,ORD-500035,CUS-200035,35329.59,INR,2026-08-04T19:41:45.563Z,UPI,SUCCESS,PayGateway,Order ORD-500035 payment
PAY-100036,ORD-500036,CUS-200036,58999.23,INR,2026-07-09T13:43:47.697Z,UPI,SUCCESS,SyntheticPay,Order ORD-500036 payment
PAY-100037,ORD-500037,CUS-200037,28317.07,INR,2026-07-27T05:40:57.731Z,WALLET,SUCCESS,QuickPay,Order ORD-500037 payment
PAY-100038,ORD-500038,CUS-200038,59901.97,INR,2026-08-12T17:25:04.471Z,CARD,SUCCESS,QuickPay,Order ORD-500038 payment
PAY-100039,ORD-500039,CUS-200039,88226.76,INR,2026-08-09T23:25:25.147Z,NETBANKING,SUCCESS,PayGateway,Order ORD-500039 payment
PAY-100040,ORD-500040,CUS-200040,27821.54,INR,2026-07-15T05:42:34.840Z,UPI,SUCCESS,PayGateway,Order ORD-500040 payment
PAY-100041,ORD-500041,CUS-200041,44188.91,INR,2026-08-09T06:57:41.597Z,WALLET,SUCCESS,SyntheticPay,Order ORD-500041 payment
PAY-100042,ORD-500042,CUS-200042,69291.29,INR,2026-07-22T14:32:32.691Z,NETBANKING,SUCCESS,PayGateway,Order ORD-500042 payment
PAY-100043,ORD-500043,CUS-200043,75388.51,INR,2026-07-17T16:08:24.441Z,WALLET,SUCCESS,QuickPay,Order ORD-500043 payment
PAY-100044,ORD-500044,CUS-200044,79564.57,INR,2026-07-10T21:05:30.288Z,NETBANKING,SUCCESS,PayGateway,Order ORD-500044 payment
PAY-100045,ORD-500045,CUS-200045,69793.01,INR,2026-07-27T16:21:52.797Z,UPI,SUCCESS,QuickPay,Order ORD-500045 payment
PAY-100046,ORD-500046,CUS-200046,22831.43,INR,2026-08-29T09:43:36.287Z,NETBANKING,SUCCESS,PayGateway,Order ORD-500046 payment
PAY-100047,ORD-500047,CUS-200047,11954.06,INR,2026-08-04T20:45:39.641Z,WALLET,SUCCESS,SyntheticPay,Order ORD-500047 payment
PAY-100048,ORD-500048,CUS-200048,15435.55,INR,2026-08-29T00:45:29.742Z,WALLET,SUCCESS,SyntheticPay,Order ORD-500048 payment
PAY-100049,ORD-500049,CUS-200049,22465.53,INR,2026-08-23T00:51:52.476Z,WALLET,SUCCESS,QuickPay,Order ORD-500049 payment
PAY-100050,ORD-500050,CUS-200050,9230.43,INR,2026-08-26T18:14:28.803Z,NETBANKING,SUCCESS,PayGateway,Order ORD-500050 payment
PAY-100051,ORD-500051,CUS-200051,89089.22,INR,2026-08-16T04:05:19.016Z,CARD,SUCCESS,QuickPay,Order ORD-500051 payment
PAY-100052,ORD-500052,CUS-200052,23893.32,INR,2026-08-06T07:59:27.123Z,UPI,SUCCESS,SyntheticPay,Order ORD-500052 payment
PAY-100053,ORD-500053,CUS-200053,42424.79,INR,2026-08-18T09:46:31.258Z,NETBANKING,SUCCESS,SyntheticPay,Order ORD-500053 payment
PAY-100054,ORD-500054,CUS-200054,23109.06,INR,2026-08-19T17:33:20.425Z,WALLET,SUCCESS,PayGateway,Order ORD-500054 payment
PAY-100055,ORD-500055,CUS-200055,43446.88,INR,2026-07-07T10:07:33.188Z,WALLET,SUCCESS,SyntheticPay,Order ORD-500055 payment
PAY-100056,ORD-500056,CUS-200056,44913.85,INR,2026-07-23T05:40:10.003Z,NETBANKING,SUCCESS,SyntheticPay,Order ORD-500056 payment
PAY-100057,ORD-500057,CUS-200057,23252.19,INR,2026-08-16T13:14:04.207Z,UPI,SUCCESS,QuickPay,Order ORD-500057 payment
PAY-100058,ORD-500058,CUS-200058,18469.02,INR,2026-07-21T01:09:29.343Z,WALLET,SUCCESS,QuickPay,Order ORD-500058 payment
PAY-100059,ORD-500059,CUS-200059,46297.75,INR,2026-08-17T20:19:12.281Z,CARD,SUCCESS,QuickPay,Order ORD-500059 payment
PAY-100060,ORD-500060,CUS-200060,4185.69,INR,2026-07-06T13:55:54.407Z,NETBANKING,SUCCESS,SyntheticPay,Order ORD-500060 payment
PAY-100061,ORD-500061,CUS-200061,25961.42,INR,2026-08-12T11:33:07.665Z,UPI,SUCCESS,QuickPay,Order ORD-500061 payment
PAY-100062,ORD-500062,CUS-200062,18062.28,INR,2026-08-14T23:01:27.496Z,UPI,SUCCESS,PayGateway,Order ORD-500062 payment
PAY-100063,ORD-500063,CUS-200063,98160.99,INR,2026-07-28T00:06:39.938Z,NETBANKING,SUCCESS,QuickPay,Order ORD-500063 payment
PAY-100064,ORD-500064,CUS-200064,19696.48,INR,2026-08-01T02:10:08.996Z,NETBANKING,SUCCESS,QuickPay,Order ORD-500064 payment
PAY-100065,ORD-500065,CUS-200065,23522.95,INR,2026-08-23T13:48:07.961Z,NETBANKING,SUCCESS,SyntheticPay,Order ORD-500065 payment
PAY-100066,ORD-500066,CUS-200066,92909.8,INR,2026-08-10T09:36:30.684Z,NETBANKING,SUCCESS,QuickPay,Order ORD-500066 payment
PAY-100067,ORD-500067,CUS-200067,34639.43,INR,2026-08-16T21:09:34.228Z,NETBANKING,SUCCESS,SyntheticPay,Order ORD-500067 payment
PAY-100068,ORD-500068,CUS-200068,8031.83,INR,2026-08-23T03:13:58.619Z,NETBANKING,SUCCESS,QuickPay,Order ORD-500068 payment
PAY-100069,ORD-500069,CUS-200069,45086.17,INR,2026-07-08T18:01:51.996Z,UPI,SUCCESS,PayGateway,Order ORD-500069 payment
PAY-100070,ORD-500070,CUS-200070,51193.3,INR,2026-07-14T10:14:03.067Z,UPI,SUCCESS,SyntheticPay,Order ORD-500070 payment
PAY-100071,ORD-500071,CUS-200071,76339.1,INR,2026-07-29T18:37:45.408Z,CARD,SUCCESS,QuickPay,Order ORD-500071 payment
PAY-100072,ORD-500072,CUS-200072,39297.98,INR,2026-08-23T07:43:37.243Z,CARD,SUCCESS,PayGateway,Order ORD-500072 payment
PAY-100073,ORD-500073,CUS-200073,15916.15,INR,2026-07-13T11:27:29.711Z,CARD,SUCCESS,SyntheticPay,Order ORD-500073 payment
PAY-100074,ORD-500074,CUS-200074,99318.4,INR,2026-08-17T02:45:26.031Z,WALLET,SUCCESS,PayGateway,Order ORD-500074 payment
PAY-100075,ORD-500075,CUS-200075,82527.64,INR,2026-07-24T20:54:00.585Z,WALLET,SUCCESS,PayGateway,Order ORD-500075 payment
PAY-100076,ORD-500076,CUS-200076,22553.5,INR,2026-07-19T18:15:40.259Z,WALLET,SUCCESS,PayGateway,Order ORD-500076 payment
PAY-100077,ORD-500077,CUS-200077,12637.49,INR,2026-08-18T15:02:38.413Z,WALLET,SUCCESS,PayGateway,Order ORD-500077 payment
PAY-100078,ORD-500078,CUS-200078,66622.55,INR,2026-08-19T09:22:41.423Z,CARD,SUCCESS,PayGateway,Order ORD-500078 payment
PAY-100079,ORD-500079,CUS-200079,88761.47,INR,2026-08-11T15:05:05.231Z,CARD,SUCCESS,PayGateway,Order ORD-500079 payment
PAY-100080,ORD-500080,CUS-200080,15511.85,INR,2026-07-04T01:32:26.162Z,NETBANKING,SUCCESS,SyntheticPay,Order ORD-500080 payment
PAY-100081,ORD-500081,CUS-200081,79952.14,INR,2026-08-09T10:47:58.990Z,NETBANKING,SUCCESS,SyntheticPay,Order ORD-500081 payment
PAY-100082,ORD-500082,CUS-200082,4976.29,INR,2026-08-14T11:28:39.177Z,WALLET,SUCCESS,PayGateway,Order ORD-500082 payment
PAY-100083,ORD-500083,CUS-200083,38386.23,INR,2026-07-18T09:43:31.579Z,WALLET,SUCCESS,SyntheticPay,Order ORD-500083 payment
PAY-100084,ORD-500084,CUS-200084,92649.89,INR,2026-07-20T10:09:57.604Z,CARD,SUCCESS,QuickPay,Order ORD-500084 payment
PAY-100085,ORD-500085,CUS-200085,78673.64,INR,2026-08-10T04:12:54.001Z,CARD,SUCCESS,SyntheticPay,Order ORD-500085 payment
PAY-100086,ORD-500086,CUS-200086,4501.09,INR,2026-08-01T22:20:59.302Z,CARD,SUCCESS,QuickPay,Order ORD-500086 payment
PAY-100087,ORD-500087,CUS-200087,39390.25,INR,2026-07-08T22:02:43.906Z,CARD,SUCCESS,PayGateway,Order ORD-500087 payment
PAY-100088,ORD-500088,CUS-200088,19133.81,INR,2026-07-19T08:01:11.823Z,WALLET,SUCCESS,PayGateway,Order ORD-500088 payment
PAY-100089,ORD-500089,CUS-200089,59894.81,INR,2026-07-05T00:10:37.630Z,WALLET,SUCCESS,SyntheticPay,Order ORD-500089 payment
PAY-100090,ORD-500090,CUS-200090,88602.48,INR,2026-08-09T10:42:38.251Z,CARD,SUCCESS,SyntheticPay,Order ORD-500090 payment
PAY-100091,ORD-500091,CUS-200091,5565.76,INR,2026-08-17T11:07:50.675Z,CARD,SUCCESS,SyntheticPay,Order ORD-500091 payment
PAY-100092,ORD-500092,CUS-200092,7148.25,INR,2026-08-04T19:06:50.452Z,CARD,SUCCESS,SyntheticPay,Order ORD-500092 payment
PAY-100093,ORD-500093,CUS-200093,86681.11,INR,2026-08-29T12:45:27.530Z,NETBANKING,SUCCESS,QuickPay,Order ORD-500093 payment
PAY-100094,ORD-500094,CUS-200094,77491.6,INR,2026-08-04T21:51:09.660Z,UPI,SUCCESS,PayGateway,Order ORD-500094 payment
PAY-100095,ORD-500095,CUS-200095,63407.53,INR,2026-07-29T00:24:53.554Z,UPI,SUCCESS,PayGateway,Order ORD-500095 payment
PAY-100096,ORD-500096,CUS-200096,58503.78,INR,2026-08-26T01:46:18.693Z,CARD,SUCCESS,SyntheticPay,Order ORD-500096 payment
PAY-100097,ORD-500097,CUS-200097,48142.85,INR,2026-08-23T19:14:28.523Z,NETBANKING,SUCCESS,PayGateway,Order ORD-500097 payment
PAY-100098,ORD-500098,CUS-200098,33643.9,INR,2026-08-19T09:19:29.469Z,WALLET,SUCCESS,QuickPay,Order ORD-500098 payment
PAY-100099,ORD-500099,CUS-200099,34253.48,INR,2026-08-12T14:50:43.328Z,CARD,SUCCESS,PayGateway,Order ORD-500099 payment
PAY-100100,ORD-500100,CUS-200100,17958.79,INR,2026-07-31T08:01:23.875Z,CARD,SUCCESS,PayGateway,Order ORD-500100 payment
PAY-100101,ORD-500101,CUS-200101,35026.74,INR,2026-08-28T14:46:18.198Z,CARD,SUCCESS,PayGateway,Order ORD-500101 payment
PAY-100102,ORD-500102,CUS-200102,29518.2,INR,2026-07-25T00:00:35.409Z,NETBANKING,SUCCESS,SyntheticPay,Order ORD-500102 payment
PAY-100103,ORD-500103,CUS-200103,22447.22,INR,2026-08-30T16:06:12.659Z,UPI,SUCCESS,QuickPay,Order ORD-500103 payment
PAY-100104,ORD-500104,CUS-200104,89066.64,INR,2026-07-25T18:05:03.384Z,NETBANKING,SUCCESS,PayGateway,Order ORD-500104 payment
PAY-100105,ORD-500105,CUS-200105,75148.97,INR,2026-07-15T17:59:24.361Z,NETBANKING,SUCCESS,QuickPay,Order ORD-500105 payment
PAY-100106,ORD-500106,CUS-200106,834.63,INR,2026-07-07T21:28:30.878Z,NETBANKING,SUCCESS,SyntheticPay,Order ORD-500106 payment
PAY-100107,ORD-500107,CUS-200107,69376.96,INR,2026-07-16T01:15:15.740Z,WALLET,SUCCESS,SyntheticPay,Order ORD-500107 payment
PAY-100108,ORD-500108,CUS-200108,90834.06,INR,2026-07-08T21:47:51.967Z,NETBANKING,SUCCESS,PayGateway,Order ORD-500108 payment
PAY-100109,ORD-500109,CUS-200109,45153.65,INR,2026-08-29T04:02:24.382Z,UPI,SUCCESS,SyntheticPay,Order ORD-500109 payment
PAY-100110,ORD-500110,CUS-200110,74352.36,INR,2026-08-30T18:28:23.175Z,CARD,SUCCESS,QuickPay,Order ORD-500110 payment
PAY-100111,ORD-500111,CUS-200111,55020.61,INR,2026-08-24T04:12:04.822Z,WALLET,SUCCESS,PayGateway,Order ORD-500111 payment
PAY-100112,ORD-500112,CUS-200112,54151.71,INR,2026-07-28T12:54:38.412Z,CARD,SUCCESS,QuickPay,Order ORD-500112 payment
PAY-100113,ORD-500113,CUS-200113,6672.21,INR,2026-08-15T11:18:56.394Z,UPI,SUCCESS,PayGateway,Order ORD-500113 payment
PAY-100114,ORD-500114,CUS-200114,83623.8,INR,2026-08-19T15:27:46.118Z,CARD,SUCCESS,PayGateway,Order ORD-500114 payment
PAY-100115,ORD-500115,CUS-200115,54601.67,INR,2026-08-26T09:19:13.604Z,WALLET,SUCCESS,SyntheticPay,Order ORD-500115 payment
PAY-100116,ORD-500116,CUS-200116,86632.84,INR,2026-08-15T00:03:41.601Z,NETBANKING,SUCCESS,PayGateway,Order ORD-500116 payment
PAY-100117,ORD-500117,CUS-200117,36320.85,INR,2026-07-17T02:19:32.389Z,UPI,SUCCESS,QuickPay,Order ORD-500117 payment
PAY-100118,ORD-500118,CUS-200118,15663.46,INR,2026-08-07T20:01:57.042Z,NETBANKING,SUCCESS,PayGateway,Order ORD-500118 payment
PAY-100119,ORD-500119,CUS-200119,84549.63,INR,2026-07-21T08:38:57.513Z,UPI,SUCCESS,PayGateway,Order ORD-500119 payment
PAY-100120,ORD-500120,CUS-200120,56870.99,INR,2026-08-15T00:21:15.939Z,CARD,SUCCESS,PayGateway,Order ORD-500120 payment
PAY-100121,ORD-500121,CUS-200121,44954.95,INR,2026-08-15T01:03:03.175Z,CARD,SUCCESS,QuickPay,Order ORD-500121 payment
PAY-100122,ORD-500122,CUS-200122,44572.27,INR,2026-08-06T08:05:38.160Z,CARD,SUCCESS,QuickPay,Order ORD-500122 payment
PAY-100123,ORD-500123,CUS-200123,92522.07,INR,2026-08-02T08:00:20.852Z,UPI,SUCCESS,SyntheticPay,Order ORD-500123 payment
PAY-100124,ORD-500124,CUS-200124,73702.72,INR,2026-07-18T11:23:36.164Z,UPI,SUCCESS,SyntheticPay,Order ORD-500124 payment
PAY-100125,ORD-500125,CUS-200125,5986.67,INR,2026-07-21T03:10:05.208Z,UPI,SUCCESS,QuickPay,Order ORD-500125 payment
PAY-100126,ORD-500126,CUS-200126,50648.34,INR,2026-08-13T01:43:32.308Z,WALLET,SUCCESS,PayGateway,Order ORD-500126 payment
PAY-100127,ORD-500127,CUS-200127,81010.36,INR,2026-08-21T09:24:40.820Z,NETBANKING,SUCCESS,QuickPay,Order ORD-500127 payment
PAY-100128,ORD-500128,CUS-200128,63736.16,INR,2026-08-03T11:39:11.523Z,CARD,SUCCESS,PayGateway,Order ORD-500128 payment
PAY-100129,ORD-500129,CUS-200129,38632.93,INR,2026-07-11T01:30:59.311Z,CARD,SUCCESS,QuickPay,Order ORD-500129 payment
PAY-100130,ORD-500130,CUS-200130,32018.08,INR,2026-08-27T16:32:23.062Z,CARD,SUCCESS,PayGateway,Order ORD-500130 payment
PAY-100131,ORD-500131,CUS-200131,61646.66,INR,2026-07-14T03:11:38.411Z,NETBANKING,SUCCESS,QuickPay,Order ORD-500131 payment
PAY-100132,ORD-500132,CUS-200132,72081.52,INR,2026-08-12T21:03:39.326Z,CARD,SUCCESS,PayGateway,Order ORD-500132 payment
PAY-100133,ORD-500133,CUS-200133,16735.91,INR,2026-08-16T19:10:51.255Z,WALLET,SUCCESS,PayGateway,Order ORD-500133 payment
PAY-100134,ORD-500134,CUS-200134,51082.61,INR,2026-07-11T21:26:49.229Z,WALLET,SUCCESS,SyntheticPay,Order ORD-500134 payment
PAY-100135,ORD-500135,CUS-200135,83779,INR,2026-08-05T09:08:46.195Z,CARD,SUCCESS,QuickPay,Order ORD-500135 payment
PAY-100136,ORD-500136,CUS-200136,39094.31,INR,2026-07-12T19:39:47.875Z,UPI,SUCCESS,PayGateway,Order ORD-500136 payment
PAY-100137,ORD-500137,CUS-200137,97073.34,INR,2026-08-30T00:34:04.218Z,NETBANKING,SUCCESS,SyntheticPay,Order ORD-500137 payment
PAY-100138,ORD-500138,CUS-200138,79210.6,INR,2026-08-21T11:41:43.719Z,NETBANKING,SUCCESS,SyntheticPay,Order ORD-500138 payment
PAY-100139,ORD-500139,CUS-200139,88776.66,INR,2026-08-06T20:06:42.952Z,NETBANKING,SUCCESS,PayGateway,Order ORD-500139 payment
PAY-100140,ORD-500140,CUS-200140,28717.37,INR,2026-08-28T08:15:18.774Z,CARD,SUCCESS,SyntheticPay,Order ORD-500140 payment
PAY-100141,ORD-500141,CUS-200141,89550.71,INR,2026-08-14T16:50:53.126Z,UPI,SUCCESS,QuickPay,Order ORD-500141 payment
PAY-100142,ORD-500142,CUS-200142,28450.91,INR,2026-07-03T14:03:26.776Z,NETBANKING,SUCCESS,SyntheticPay,Order ORD-500142 payment
PAY-100143,ORD-500143,CUS-200143,74593.33,INR,2026-08-16T19:22:45.210Z,CARD,SUCCESS,QuickPay,Order ORD-500143 payment
PAY-100144,ORD-500144,CUS-200144,11095.519999999999,INR,2026-07-15T20:50:38.601Z,CARD,SUCCESS,SyntheticPay,Order ORD-500144 payment
PAY-100145,ORD-500145,CUS-200145,12242.58,INR,2026-07-10T00:08:30.860Z,UPI,SUCCESS,QuickPay,Order ORD-500145 payment
PAY-100146,ORD-500146,CUS-200146,84213.48,INR,2026-08-16T17:02:23.610Z,NETBANKING,SUCCESS,SyntheticPay,Order ORD-500146 payment
PAY-100147,ORD-500147,CUS-200147,78578.45,INR,2026-08-29T09:15:05.635Z,CARD,SUCCESS,SyntheticPay,Order ORD-500147 payment
PAY-100148,ORD-500148,CUS-200148,23707.59,INR,2026-08-28T00:49:29.971Z,CARD,SUCCESS,PayGateway,Order ORD-500148 payment
PAY-100149,ORD-500149,CUS-200149,3425.23,INR,2026-08-28T02:49:16.347Z,WALLET,SUCCESS,PayGateway,Order ORD-500149 payment
PAY-100150,ORD-500150,CUS-200150,79241.95,INR,2026-07-18T16:59:36.377Z,CARD,SUCCESS,PayGateway,Order ORD-500150 payment
PAY-100151,ORD-500151,CUS-200151,11316.63,INR,2026-07-09T18:10:28.303Z,NETBANKING,SUCCESS,PayGateway,Order ORD-500151 payment
PAY-100152,ORD-500152,CUS-200152,67700.77,INR,2026-08-05T10:44:31.958Z,UPI,SUCCESS,PayGateway,Order ORD-500152 payment
PAY-100153,ORD-500153,CUS-200153,85417.79,INR,2026-07-09T16:18:14.511Z,WALLET,SUCCESS,SyntheticPay,Order ORD-500153 payment
PAY-100154,ORD-500154,CUS-200154,70776.35,INR,2026-08-30T16:59:40.553Z,CARD,SUCCESS,SyntheticPay,Order ORD-500154 payment
PAY-100155,ORD-500155,CUS-200155,98549.81,INR,2026-07-31T11:47:30.860Z,UPI,SUCCESS,QuickPay,Order ORD-500155 payment
PAY-100156,ORD-500156,CUS-200156,8256.31,INR,2026-07-15T03:30:39.903Z,CARD,SUCCESS,PayGateway,Order ORD-500156 payment
PAY-100157,ORD-500157,CUS-200157,324.03,INR,2026-07-18T21:42:58.123Z,WALLET,SUCCESS,PayGateway,Order ORD-500157 payment
PAY-100158,ORD-500158,CUS-200158,12079.48,INR,2026-07-08T13:22:35.672Z,UPI,SUCCESS,QuickPay,Order ORD-500158 payment
PAY-100159,ORD-500159,CUS-200159,15911.79,INR,2026-07-30T23:18:23.531Z,NETBANKING,SUCCESS,SyntheticPay,Order ORD-500159 payment
PAY-100160,ORD-500160,CUS-200160,87404.54,INR,2026-07-16T20:58:34.597Z,UPI,SUCCESS,QuickPay,Order ORD-500160 payment
PAY-100161,ORD-500161,CUS-200161,62042.09,INR,2026-07-06T14:47:41.499Z,UPI,SUCCESS,QuickPay,Order ORD-500161 payment
PAY-100162,ORD-500162,CUS-200162,30875.19,INR,2026-07-16T10:47:00.448Z,UPI,SUCCESS,PayGateway,Order ORD-500162 payment
PAY-100163,ORD-500163,CUS-200163,20979.87,INR,2026-08-04T08:31:15.026Z,UPI,SUCCESS,PayGateway,Order ORD-500163 payment
PAY-100164,ORD-500164,CUS-200164,73350.83,INR,2026-07-31T11:40:50.831Z,WALLET,SUCCESS,SyntheticPay,Order ORD-500164 payment
PAY-100165,ORD-500165,CUS-200165,97784.21,INR,2026-08-24T17:24:36.092Z,WALLET,SUCCESS,PayGateway,Order ORD-500165 payment
PAY-100166,ORD-500166,CUS-200166,55022.16,INR,2026-07-30T16:37:22.263Z,CARD,SUCCESS,PayGateway,Order ORD-500166 payment
PAY-100167,ORD-500167,CUS-200167,19523.23,INR,2026-07-14T16:55:55.314Z,CARD,SUCCESS,QuickPay,Order ORD-500167 payment
PAY-100168,ORD-500168,CUS-200168,96314.97,INR,2026-07-12T01:43:15.324Z,UPI,SUCCESS,QuickPay,Order ORD-500168 payment
PAY-100169,ORD-500169,CUS-200169,70823.68,INR,2026-07-26T22:04:37.953Z,WALLET,SUCCESS,PayGateway,Order ORD-500169 payment
PAY-100170,ORD-500170,CUS-200170,48221.57,INR,2026-08-08T19:47:31.036Z,CARD,SUCCESS,QuickPay,Order ORD-500170 payment
PAY-100171,ORD-500171,CUS-200171,20302.83,INR,2026-07-08T04:15:25.268Z,CARD,SUCCESS,SyntheticPay,Order ORD-500171 payment
PAY-100172,ORD-500172,CUS-200172,50356.73,INR,2026-08-27T14:33:44.036Z,WALLET,SUCCESS,QuickPay,Order ORD-500172 payment
PAY-100173,ORD-500173,CUS-200173,7161.34,INR,2026-08-23T13:50:17.068Z,CARD,SUCCESS,PayGateway,Order ORD-500173 payment
PAY-100174,ORD-500174,CUS-200174,45632.07,INR,2026-08-25T12:33:07.463Z,WALLET,SUCCESS,SyntheticPay,Order ORD-500174 payment
PAY-100175,ORD-500175,CUS-200175,63152.42,INR,2026-07-03T09:45:43.193Z,WALLET,SUCCESS,PayGateway,Order ORD-500175 payment
PAY-100176,ORD-500176,CUS-200176,60248.63,INR,2026-08-05T05:41:28.838Z,CARD,SUCCESS,PayGateway,Order ORD-500176 payment
PAY-100177,ORD-500177,CUS-200177,70578.54,INR,2026-07-07T03:52:58.561Z,WALLET,SUCCESS,QuickPay,Order ORD-500177 payment
PAY-100178,ORD-500178,CUS-200178,3440.54,INR,2026-08-23T00:25:35.638Z,WALLET,SUCCESS,PayGateway,Order ORD-500178 payment
PAY-100179,ORD-500179,CUS-200179,27745.41,INR,2026-07-08T11:46:18.218Z,CARD,SUCCESS,PayGateway,Order ORD-500179 payment
PAY-100180,ORD-500180,CUS-200180,41931.76,INR,2026-07-24T11:58:43.575Z,NETBANKING,SUCCESS,PayGateway,Order ORD-500180 payment
PAY-100181,ORD-500181,CUS-200181,57119.07,INR,2026-08-05T15:17:25.794Z,CARD,SUCCESS,QuickPay,Order ORD-500181 payment
PAY-100182,ORD-500182,CUS-200182,912.03,INR,2026-08-10T22:59:50.043Z,UPI,SUCCESS,PayGateway,Order ORD-500182 payment
PAY-100183,ORD-500183,CUS-200183,55127.25,INR,2026-08-08T04:44:00.576Z,CARD,SUCCESS,PayGateway,Order ORD-500183 payment
PAY-100184,ORD-500184,CUS-200184,6465.71,INR,2026-07-20T01:37:39.489Z,CARD,SUCCESS,QuickPay,Order ORD-500184 payment
PAY-100185,ORD-500185,CUS-200185,2616.96,INR,2026-07-25T15:15:35.314Z,CARD,SUCCESS,QuickPay,Order ORD-500185 payment
PAY-100186,ORD-500186,CUS-200186,59717.33,INR,2026-08-22T22:28:26.915Z,UPI,SUCCESS,PayGateway,Order ORD-500186 payment
PAY-100187,ORD-500187,CUS-200187,41368.05,INR,2026-07-03T07:12:38.746Z,CARD,SUCCESS,SyntheticPay,Order ORD-500187 payment
PAY-100188,ORD-500188,CUS-200188,85058.44,INR,2026-07-14T20:35:00.028Z,NETBANKING,SUCCESS,PayGateway,Order ORD-500188 payment
PAY-100189,ORD-500189,CUS-200189,25462.56,INR,2026-07-26T10:12:33.697Z,CARD,SUCCESS,PayGateway,Order ORD-500189 payment
PAY-100190,ORD-500190,CUS-200190,69111.66,INR,2026-07-17T02:54:49.988Z,WALLET,SUCCESS,PayGateway,Order ORD-500190 payment
PAY-100191,ORD-500191,CUS-200191,84265.09,INR,2026-07-28T04:10:53.485Z,CARD,SUCCESS,SyntheticPay,Order ORD-500191 payment
PAY-100192,ORD-500192,CUS-200192,76937.03,INR,2026-08-30T13:16:45.025Z,WALLET,SUCCESS,PayGateway,Order ORD-500192 payment
PAY-100193,ORD-500193,CUS-200193,49742.74,INR,2026-07-18T22:07:06.256Z,UPI,SUCCESS,PayGateway,Order ORD-500193 payment
PAY-100194,ORD-500194,CUS-200194,30812.78,INR,2026-08-07T16:57:40.613Z,NETBANKING,SUCCESS,PayGateway,Order ORD-500194 payment
PAY-100195,ORD-500195,CUS-200195,92699.91,INR,2026-07-24T01:00:58.717Z,NETBANKING,SUCCESS,QuickPay,Order ORD-500195 payment
PAY-100196,ORD-500196,CUS-200196,45095.42,INR,2026-07-14T21:35:34.249Z,NETBANKING,SUCCESS,PayGateway,Order ORD-500196 payment
PAY-100197,ORD-500197,CUS-200197,75160.1,INR,2026-07-14T06:29:07.630Z,WALLET,SUCCESS,SyntheticPay,Order ORD-500197 payment
PAY-100198,ORD-500198,CUS-200198,63467.92,INR,2026-07-12T02:59:22.244Z,CARD,SUCCESS,QuickPay,Order ORD-500198 payment
PAY-100199,ORD-500199,CUS-200199,89929.67,INR,2026-08-04T12:30:39.313Z,WALLET,SUCCESS,QuickPay,Order ORD-500199 payment
PAY-100200,ORD-500200,CUS-200200,13429.76,INR,2026-08-24T07:53:20.342Z,NETBANKING,SUCCESS,QuickPay,Order ORD-500200 payment
PAY-100201,ORD-500201,CUS-200201,99482.84,INR,2026-07-20T18:16:44.239Z,CARD,SUCCESS,SyntheticPay,Order ORD-500201 payment
PAY-100202,ORD-500202,CUS-200202,29047.51,INR,2026-07-23T05:30:49.314Z,NETBANKING,SUCCESS,SyntheticPay,Order ORD-500202 payment
PAY-100203,ORD-500203,CUS-200203,69767.53,INR,2026-07-21T08:20:55.736Z,CARD,SUCCESS,SyntheticPay,Order ORD-500203 payment
PAY-100204,ORD-500204,CUS-200204,40547.64,INR,2026-07-05T18:01:21.113Z,NETBANKING,SUCCESS,QuickPay,Order ORD-500204 payment
PAY-100205,ORD-500205,CUS-200205,97941.61,INR,2026-07-14T02:15:18.627Z,UPI,SUCCESS,QuickPay,Order ORD-500205 payment
PAY-100206,ORD-500206,CUS-200206,74519.97,INR,2026-07-01T21:45:10.467Z,NETBANKING,SUCCESS,PayGateway,Order ORD-500206 payment
PAY-100207,ORD-500207,CUS-200207,87781.61,INR,2026-08-04T10:22:05.568Z,NETBANKING,SUCCESS,PayGateway,Order ORD-500207 payment
PAY-100208,ORD-500208,CUS-200208,72411.9,INR,2026-08-11T14:10:41.233Z,CARD,SUCCESS,SyntheticPay,Order ORD-500208 payment
PAY-100209,ORD-500209,CUS-200209,19793.77,INR,2026-07-08T06:01:05.668Z,WALLET,SUCCESS,PayGateway,Order ORD-500209 payment
PAY-100210,ORD-500210,CUS-200210,95554.85,INR,2026-07-07T19:12:56.185Z,NETBANKING,SUCCESS,QuickPay,Order ORD-500210 payment
PAY-100211,ORD-500211,CUS-200211,95817.34,INR,2026-07-28T15:00:31.903Z,WALLET,SUCCESS,QuickPay,Order ORD-500211 payment
PAY-100212,ORD-500212,CUS-200212,99855.13,INR,2026-08-18T09:25:13.273Z,UPI,SUCCESS,QuickPay,Order ORD-500212 payment
PAY-100213,ORD-500213,CUS-200213,63808.04,INR,2026-08-02T12:11:50.653Z,WALLET,SUCCESS,SyntheticPay,Order ORD-500213 payment
PAY-100214,ORD-500214,CUS-200214,68678.86,INR,2026-08-22T03:11:00.774Z,UPI,SUCCESS,PayGateway,Order ORD-500214 payment
PAY-100215,ORD-500215,CUS-200215,52122.8,INR,2026-07-30T20:18:48.626Z,NETBANKING,SUCCESS,PayGateway,Order ORD-500215 payment
PAY-100216,ORD-500216,CUS-200216,73075.57,INR,2026-08-30T13:49:48.144Z,CARD,SUCCESS,QuickPay,Order ORD-500216 payment
PAY-100217,ORD-500217,CUS-200217,31534.55,INR,2026-07-26T08:06:59.252Z,WALLET,SUCCESS,SyntheticPay,Order ORD-500217 payment
PAY-100218,ORD-500218,CUS-200218,11602.53,INR,2026-07-27T18:58:08.730Z,UPI,SUCCESS,PayGateway,Order ORD-500218 payment
PAY-100219,ORD-500219,CUS-200219,65131.83,INR,2026-07-24T10:51:32.557Z,CARD,SUCCESS,PayGateway,Order ORD-500219 payment
PAY-100220,ORD-500220,CUS-200220,49200.68,INR,2026-08-26T04:06:04.900Z,WALLET,SUCCESS,PayGateway,Order ORD-500220 payment
PAY-100221,ORD-500221,CUS-200221,76195.08,INR,2026-07-17T05:19:49.350Z,CARD,SUCCESS,SyntheticPay,Order ORD-500221 payment
PAY-100222,ORD-500222,CUS-200222,62151.2,INR,2026-07-02T03:49:15.490Z,WALLET,SUCCESS,SyntheticPay,Order ORD-500222 payment
PAY-100223,ORD-500223,CUS-200223,54234.46,INR,2026-08-23T23:59:32.480Z,CARD,SUCCESS,QuickPay,Order ORD-500223 payment
PAY-100224,ORD-500224,CUS-200224,74978.94,INR,2026-08-16T14:28:29.915Z,CARD,SUCCESS,PayGateway,Order ORD-500224 payment
PAY-100225,ORD-500225,CUS-200225,95267.31,INR,2026-08-10T15:24:14.756Z,UPI,SUCCESS,QuickPay,Order ORD-500225 payment
PAY-100226,ORD-500226,CUS-200226,90183.09,INR,2026-08-08T09:21:12.540Z,UPI,SUCCESS,QuickPay,Order ORD-500226 payment
PAY-100227,ORD-500227,CUS-200227,34239.53,INR,2026-08-11T18:44:45.032Z,WALLET,SUCCESS,QuickPay,Order ORD-500227 payment
PAY-100228,ORD-500228,CUS-200228,30936.18,INR,2026-08-03T20:52:55.440Z,CARD,SUCCESS,PayGateway,Order ORD-500228 payment
PAY-100229,ORD-500229,CUS-200229,34447.58,INR,2026-07-07T18:18:30.791Z,CARD,SUCCESS,SyntheticPay,Order ORD-500229 payment
PAY-100230,ORD-500230,CUS-200230,80317.67,INR,2026-07-06T01:22:26.908Z,UPI,SUCCESS,PayGateway,Order ORD-500230 payment
PAY-100231,ORD-500231,CUS-200231,57309,INR,2026-08-23T18:48:27.489Z,NETBANKING,SUCCESS,PayGateway,Order ORD-500231 payment
PAY-100232,ORD-500232,CUS-200232,87907.04,INR,2026-07-26T16:10:27.535Z,CARD,SUCCESS,SyntheticPay,Order ORD-500232 payment
PAY-100233,ORD-500233,CUS-200233,482.1,INR,2026-07-13T13:48:31.748Z,WALLET,SUCCESS,QuickPay,Order ORD-500233 payment
PAY-100234,ORD-500234,CUS-200234,50905.03999999999,INR,2026-07-07T09:59:05.037Z,CARD,SUCCESS,PayGateway,Order ORD-500234 payment
PAY-100235,ORD-500235,CUS-200235,69918.74,INR,2026-08-11T22:55:17.402Z,CARD,SUCCESS,PayGateway,Order ORD-500235 payment
PAY-100236,ORD-500236,CUS-200236,54227.78,INR,2026-07-11T08:18:53.366Z,WALLET,SUCCESS,SyntheticPay,Order ORD-500236 payment
PAY-100237,ORD-500237,CUS-200237,1571.05,INR,2026-08-04T12:13:10.229Z,CARD,SUCCESS,SyntheticPay,Order ORD-500237 payment
PAY-100238,ORD-500238,CUS-200238,96785.79,INR,2026-07-14T16:49:51.025Z,UPI,SUCCESS,QuickPay,Order ORD-500238 payment
PAY-100239,ORD-500239,CUS-200239,67275.57,INR,2026-07-21T22:05:29.131Z,CARD,SUCCESS,SyntheticPay,Order ORD-500239 payment
PAY-100240,ORD-500240,CUS-200240,12751.19,INR,2026-08-22T15:24:17.895Z,NETBANKING,SUCCESS,SyntheticPay,Order ORD-500240 payment
PAY-100241,ORD-500241,CUS-200241,61700.44,INR,2026-08-29T18:54:08.354Z,UPI,SUCCESS,PayGateway,Order ORD-500241 payment
PAY-100242,ORD-500242,CUS-200242,73161,INR,2026-07-12T04:22:29.237Z,CARD,SUCCESS,QuickPay,Order ORD-500242 payment
PAY-100243,ORD-500243,CUS-200243,53494.95,INR,2026-07-27T12:57:57.235Z,WALLET,SUCCESS,PayGateway,Order ORD-500243 payment
PAY-100244,ORD-500244,CUS-200244,76419.68,INR,2026-07-16T17:25:19.922Z,UPI,SUCCESS,QuickPay,Order ORD-500244 payment
PAY-100245,ORD-500245,CUS-200245,78771.31,INR,2026-08-12T00:52:50.847Z,UPI,SUCCESS,QuickPay,Order ORD-500245 payment
PAY-100246,ORD-500246,CUS-200246,53877.3,INR,2026-08-23T22:04:01.304Z,CARD,SUCCESS,SyntheticPay,Order ORD-500246 payment
PAY-100247,ORD-500247,CUS-200247,40119.43,INR,2026-07-05T22:46:36.750Z,UPI,SUCCESS,PayGateway,Order ORD-500247 payment
PAY-100248,ORD-500248,CUS-200248,13207.28,INR,2026-07-16T22:32:37.529Z,CARD,SUCCESS,QuickPay,Order ORD-500248 payment
PAY-100249,ORD-500249,CUS-200249,21601.04,INR,2026-08-20T21:56:50.000Z,CARD,SUCCESS,QuickPay,Order ORD-500249 payment
PAY-100250,ORD-500250,CUS-200250,34343.94,INR,2026-07-09T10:17:27.484Z,UPI,SUCCESS,QuickPay,Order ORD-500250 payment
PAY-100251,ORD-500251,CUS-200251,40832.08,INR,2026-08-10T23:12:30.340Z,CARD,SUCCESS,SyntheticPay,Order ORD-500251 payment
PAY-100252,ORD-500252,CUS-200252,15716.81,INR,2026-08-18T03:55:52.875Z,UPI,SUCCESS,QuickPay,Order ORD-500252 payment
PAY-100253,ORD-500253,CUS-200253,86437.82,INR,2026-07-26T18:38:12.505Z,UPI,SUCCESS,QuickPay,Order ORD-500253 payment
PAY-100254,ORD-500254,CUS-200254,64184.15,INR,2026-08-14T16:57:22.413Z,WALLET,SUCCESS,PayGateway,Order ORD-500254 payment
PAY-100255,ORD-500255,CUS-200255,45195.03,INR,2026-07-09T00:34:12.310Z,WALLET,SUCCESS,QuickPay,Order ORD-500255 payment
PAY-100256,ORD-500256,CUS-200256,19592.76,INR,2026-08-10T20:51:06.376Z,WALLET,SUCCESS,QuickPay,Order ORD-500256 payment
PAY-100257,ORD-500257,CUS-200257,59055.49,INR,2026-07-23T15:26:38.169Z,UPI,SUCCESS,PayGateway,Order ORD-500257 payment
PAY-100258,ORD-500258,CUS-200258,25393.03,INR,2026-08-05T07:36:55.213Z,WALLET,SUCCESS,SyntheticPay,Order ORD-500258 payment
PAY-100259,ORD-500259,CUS-200259,79117.43,INR,2026-08-24T23:38:59.518Z,CARD,SUCCESS,SyntheticPay,Order ORD-500259 payment
PAY-100260,ORD-500260,CUS-200260,94786.19,INR,2026-07-30T04:00:30.264Z,UPI,SUCCESS,QuickPay,Order ORD-500260 payment
PAY-100261,ORD-500261,CUS-200261,50570.92,INR,2026-07-29T23:39:20.497Z,CARD,SUCCESS,SyntheticPay,Order ORD-500261 payment
PAY-100262,ORD-500262,CUS-200262,93893.33,INR,2026-08-28T11:58:43.988Z,WALLET,SUCCESS,SyntheticPay,Order ORD-500262 payment
PAY-100263,ORD-500263,CUS-200263,85132.83,INR,2026-07-06T12:37:19.137Z,NETBANKING,SUCCESS,QuickPay,Order ORD-500263 payment
PAY-100264,ORD-500264,CUS-200264,63082.35,INR,2026-07-28T10:57:31.516Z,WALLET,SUCCESS,QuickPay,Order ORD-500264 payment
PAY-100265,ORD-500265,CUS-200265,5277.83,INR,2026-07-23T02:10:39.151Z,NETBANKING,SUCCESS,PayGateway,Order ORD-500265 payment
PAY-100266,ORD-500266,CUS-200266,50387.63,INR,2026-07-09T11:42:14.692Z,WALLET,SUCCESS,PayGateway,Order ORD-500266 payment
PAY-100267,ORD-500267,CUS-200267,79840.39,INR,2026-07-31T22:23:03.313Z,CARD,SUCCESS,QuickPay,Order ORD-500267 payment
PAY-100268,ORD-500268,CUS-200268,16777.02,INR,2026-08-22T11:29:34.155Z,NETBANKING,SUCCESS,QuickPay,Order ORD-500268 payment
PAY-100269,ORD-500269,CUS-200269,96052.64,INR,2026-08-17T00:43:34.293Z,WALLET,SUCCESS,SyntheticPay,Order ORD-500269 payment
PAY-100270,ORD-500270,CUS-200270,26980.41,INR,2026-08-22T12:19:54.371Z,CARD,SUCCESS,QuickPay,Order ORD-500270 payment
PAY-100271,ORD-500271,CUS-200271,71839.89,INR,2026-08-01T11:42:00.679Z,UPI,SUCCESS,QuickPay,Order ORD-500271 payment
PAY-100272,ORD-500272,CUS-200272,41762.57,INR,2026-07-31T20:50:50.933Z,UPI,SUCCESS,PayGateway,Order ORD-500272 payment
PAY-100273,ORD-500273,CUS-200273,62509.12,INR,2026-08-14T11:45:52.788Z,CARD,SUCCESS,SyntheticPay,Order ORD-500273 payment
PAY-100274,ORD-500274,CUS-200274,6318.26,INR,2026-07-30T04:14:48.777Z,CARD,SUCCESS,SyntheticPay,Order ORD-500274 payment
PAY-100275,ORD-500275,CUS-200275,47664.92,INR,2026-08-26T19:31:14.762Z,CARD,SUCCESS,SyntheticPay,Order ORD-500275 payment
PAY-100276,ORD-500276,CUS-200276,70659.57,INR,2026-07-12T12:37:54.384Z,CARD,SUCCESS,QuickPay,Order ORD-500276 payment
PAY-100277,ORD-500277,CUS-200277,46461.43,INR,2026-07-28T23:33:16.295Z,UPI,SUCCESS,QuickPay,Order ORD-500277 payment
PAY-100278,ORD-500278,CUS-200278,10371.89,INR,2026-08-16T03:32:14.367Z,NETBANKING,SUCCESS,PayGateway,Order ORD-500278 payment
PAY-100279,ORD-500279,CUS-200279,58494.22,INR,2026-07-24T19:51:39.248Z,CARD,SUCCESS,QuickPay,Order ORD-500279 payment
PAY-100280,ORD-500280,CUS-200280,17404.98,INR,2026-07-21T09:20:17.257Z,CARD,SUCCESS,PayGateway,Order ORD-500280 payment
PAY-100281,ORD-500281,CUS-200281,36095.38,INR,2026-07-06T04:42:01.226Z,WALLET,SUCCESS,QuickPay,Order ORD-500281 payment
PAY-100282,ORD-500282,CUS-200282,43858.25,INR,2026-08-06T09:37:34.660Z,NETBANKING,SUCCESS,PayGateway,Order ORD-500282 payment
PAY-100283,ORD-500283,CUS-200283,65795.71,INR,2026-08-26T04:36:20.141Z,UPI,SUCCESS,QuickPay,Order ORD-500283 payment
PAY-100284,ORD-500284,CUS-200284,69982.8,INR,2026-07-09T10:18:52.314Z,WALLET,SUCCESS,SyntheticPay,Order ORD-500284 payment
PAY-100285,ORD-500285,CUS-200285,29130.48,INR,2026-07-30T12:33:40.584Z,NETBANKING,SUCCESS,QuickPay,Order ORD-500285 payment
PAY-100286,ORD-500286,CUS-200286,81076.2,INR,2026-07-13T10:33:10.990Z,CARD,SUCCESS,QuickPay,Order ORD-500286 payment
PAY-100287,ORD-500287,CUS-200287,28232.87,INR,2026-08-09T09:37:14.775Z,CARD,SUCCESS,PayGateway,Order ORD-500287 payment
PAY-100288,ORD-500288,CUS-200288,43958.15,INR,2026-08-23T23:04:21.518Z,WALLET,SUCCESS,QuickPay,Order ORD-500288 payment
PAY-100289,ORD-500289,CUS-200289,63776.47,INR,2026-08-20T23:54:17.669Z,UPI,SUCCESS,SyntheticPay,Order ORD-500289 payment
PAY-100290,ORD-500290,CUS-200290,10304.22,INR,2026-07-29T04:46:37.617Z,WALLET,SUCCESS,PayGateway,Order ORD-500290 payment
PAY-100291,ORD-500291,CUS-200291,37838.23,INR,2026-08-20T21:32:37.722Z,NETBANKING,SUCCESS,PayGateway,Order ORD-500291 payment
PAY-100292,ORD-500292,CUS-200292,21150.7,INR,2026-07-20T13:48:24.579Z,WALLET,SUCCESS,SyntheticPay,Order ORD-500292 payment
PAY-100293,ORD-500293,CUS-200293,87449.94,INR,2026-08-14T04:10:41.669Z,WALLET,SUCCESS,SyntheticPay,Order ORD-500293 payment
PAY-100294,ORD-500294,CUS-200294,74283.53,INR,2026-08-02T14:22:51.218Z,CARD,SUCCESS,QuickPay,Order ORD-500294 payment
PAY-100295,ORD-500295,CUS-200295,38733.72,INR,2026-08-15T20:37:43.557Z,WALLET,SUCCESS,PayGateway,Order ORD-500295 payment
PAY-100296,ORD-500296,CUS-200296,27632.030000000002,INR,2026-07-15T06:59:56.892Z,UPI,SUCCESS,QuickPay,Order ORD-500296 payment
PAY-100297,ORD-500297,CUS-200297,58168.26,INR,2026-08-21T17:46:15.121Z,UPI,SUCCESS,PayGateway,Order ORD-500297 payment
PAY-100298,ORD-500298,CUS-200298,72585.19,INR,2026-08-27T22:32:44.761Z,WALLET,SUCCESS,QuickPay,Order ORD-500298 payment
PAY-100299,ORD-500299,CUS-200299,85252.34,INR,2026-07-01T13:01:16.515Z,UPI,SUCCESS,QuickPay,Order ORD-500299 payment
PAY-100300,ORD-500300,CUS-200300,23717.42,INR,2026-08-07T17:59:06.836Z,WALLET,SUCCESS,PayGateway,Order ORD-500300 payment
PAY-100301,ORD-500301,CUS-200301,99112.78,INR,2026-08-11T19:38:43.242Z,NETBANKING,SUCCESS,SyntheticPay,Order ORD-500301 payment
PAY-100302,ORD-500302,CUS-200302,12234.38,INR,2026-08-12T14:10:35.738Z,UPI,SUCCESS,PayGateway,Order ORD-500302 payment
PAY-100303,ORD-500303,CUS-200303,23391.12,INR,2026-07-23T07:50:17.009Z,CARD,SUCCESS,SyntheticPay,Order ORD-500303 payment
PAY-100304,ORD-500304,CUS-200304,15559.31,INR,2026-07-05T12:21:22.456Z,UPI,SUCCESS,QuickPay,Order ORD-500304 payment
PAY-100305,ORD-500305,CUS-200305,52328.83,INR,2026-08-11T06:42:35.145Z,UPI,SUCCESS,QuickPay,Order ORD-500305 payment
PAY-100306,ORD-500306,CUS-200306,22840.58,INR,2026-07-06T16:32:58.790Z,UPI,SUCCESS,SyntheticPay,Order ORD-500306 payment
PAY-100307,ORD-500307,CUS-200307,1999.82,INR,2026-07-12T20:25:35.028Z,NETBANKING,SUCCESS,PayGateway,Order ORD-500307 payment
PAY-100308,ORD-500308,CUS-200308,2101.18,INR,2026-07-20T20:04:17.517Z,NETBANKING,SUCCESS,SyntheticPay,Order ORD-500308 payment
PAY-100309,ORD-500309,CUS-200309,304.42,INR,2026-08-16T13:18:26.922Z,UPI,SUCCESS,QuickPay,Order ORD-500309 payment
PAY-100310,ORD-500310,CUS-200310,74756.86,INR,2026-07-26T18:51:32.698Z,WALLET,SUCCESS,PayGateway,Order ORD-500310 payment
PAY-100311,ORD-500311,CUS-200311,48285.21,INR,2026-07-03T21:10:40.413Z,CARD,SUCCESS,QuickPay,Order ORD-500311 payment
PAY-100312,ORD-500312,CUS-200312,21779.98,INR,2026-07-01T10:09:26.934Z,WALLET,SUCCESS,PayGateway,Order ORD-500312 payment
PAY-100313,ORD-500313,CUS-200313,52444.96,INR,2026-07-22T17:11:56.606Z,CARD,SUCCESS,QuickPay,Order ORD-500313 payment
PAY-100314,ORD-500314,CUS-200314,63766.85,INR,2026-08-09T15:32:11.743Z,CARD,SUCCESS,PayGateway,Order ORD-500314 payment
PAY-100315,ORD-500315,CUS-200315,64085.55,INR,2026-07-03T19:16:20.006Z,WALLET,SUCCESS,SyntheticPay,Order ORD-500315 payment
PAY-100316,ORD-500316,CUS-200316,67916.8,INR,2026-07-07T01:52:01.577Z,WALLET,SUCCESS,PayGateway,Order ORD-500316 payment
PAY-100317,ORD-500317,CUS-200317,16136.18,INR,2026-07-04T20:24:41.007Z,CARD,SUCCESS,PayGateway,Order ORD-500317 payment
PAY-100318,ORD-500318,CUS-200318,51572.76,INR,2026-08-11T16:13:11.457Z,WALLET,SUCCESS,SyntheticPay,Order ORD-500318 payment
PAY-100319,ORD-500319,CUS-200319,25944.98,INR,2026-07-02T20:43:31.669Z,WALLET,SUCCESS,QuickPay,Order ORD-500319 payment
PAY-100320,ORD-500320,CUS-200320,76771.98,INR,2026-08-10T06:10:32.450Z,NETBANKING,SUCCESS,SyntheticPay,Order ORD-500320 payment
PAY-100321,ORD-500321,CUS-200321,96562.4,INR,2026-08-15T23:19:44.426Z,WALLET,SUCCESS,SyntheticPay,Order ORD-500321 payment
PAY-100322,ORD-500322,CUS-200322,76785.15000000001,INR,2026-08-29T15:14:38.736Z,NETBANKING,SUCCESS,SyntheticPay,Order ORD-500322 payment
PAY-100323,ORD-500323,CUS-200323,97092.49,INR,2026-08-11T14:07:05.189Z,UPI,SUCCESS,QuickPay,Order ORD-500323 payment
PAY-100324,ORD-500324,CUS-200324,14427.16,INR,2026-08-14T21:29:14.245Z,NETBANKING,SUCCESS,QuickPay,Order ORD-500324 payment
PAY-100325,ORD-500325,CUS-200325,98122.39,INR,2026-08-18T00:24:09.231Z,UPI,SUCCESS,PayGateway,Order ORD-500325 payment
PAY-100326,ORD-500326,CUS-200326,74572.35,INR,2026-07-30T15:31:56.334Z,NETBANKING,SUCCESS,PayGateway,Order ORD-500326 payment
PAY-100327,ORD-500327,CUS-200327,84705.16,INR,2026-07-04T23:22:40.043Z,WALLET,SUCCESS,QuickPay,Order ORD-500327 payment
PAY-100328,ORD-500328,CUS-200328,14105.1,INR,2026-08-07T01:25:38.274Z,WALLET,SUCCESS,SyntheticPay,Order ORD-500328 payment
PAY-100329,ORD-500329,CUS-200329,19859.92,INR,2026-07-30T15:50:58.328Z,UPI,SUCCESS,QuickPay,Order ORD-500329 payment
PAY-100330,ORD-500330,CUS-200330,69964.46,INR,2026-07-14T15:45:31.728Z,CARD,SUCCESS,QuickPay,Order ORD-500330 payment
PAY-100331,ORD-500331,CUS-200331,98410.38,INR,2026-07-19T08:59:30.057Z,WALLET,SUCCESS,PayGateway,Order ORD-500331 payment
PAY-100332,ORD-500332,CUS-200332,41013.23,INR,2026-08-15T06:35:44.771Z,NETBANKING,SUCCESS,QuickPay,Order ORD-500332 payment
PAY-100333,ORD-500333,CUS-200333,67201.3,INR,2026-07-11T23:43:19.497Z,CARD,SUCCESS,SyntheticPay,Order ORD-500333 payment
PAY-100334,ORD-500334,CUS-200334,32657.93,INR,2026-08-28T19:39:40.362Z,NETBANKING,SUCCESS,PayGateway,Order ORD-500334 payment
PAY-100335,ORD-500335,CUS-200335,95156.73,INR,2026-07-20T05:01:24.919Z,NETBANKING,SUCCESS,SyntheticPay,Order ORD-500335 payment
PAY-100336,ORD-500336,CUS-200336,85271.87,INR,2026-07-07T14:09:24.575Z,WALLET,SUCCESS,QuickPay,Order ORD-500336 payment
PAY-100337,ORD-500337,CUS-200337,25367.04,INR,2026-07-25T06:43:01.595Z,CARD,SUCCESS,PayGateway,Order ORD-500337 payment
PAY-100338,ORD-500338,CUS-200338,8596.59,INR,2026-08-20T12:22:33.262Z,UPI,SUCCESS,SyntheticPay,Order ORD-500338 payment
PAY-100339,ORD-500339,CUS-200339,16558.19,INR,2026-08-22T21:18:38.584Z,UPI,SUCCESS,QuickPay,Order ORD-500339 payment
PAY-100340,ORD-500340,CUS-200340,10363.03,INR,2026-08-14T17:08:20.181Z,NETBANKING,SUCCESS,PayGateway,Order ORD-500340 payment
PAY-100341,ORD-500341,CUS-200341,62699.74,INR,2026-07-03T10:06:12.647Z,UPI,SUCCESS,PayGateway,Order ORD-500341 payment
PAY-100342,ORD-500342,CUS-200342,66756.11,INR,2026-08-17T22:40:19.032Z,CARD,SUCCESS,QuickPay,Order ORD-500342 payment
PAY-100343,ORD-500343,CUS-200343,51991.34,INR,2026-07-20T14:12:54.546Z,UPI,SUCCESS,QuickPay,Order ORD-500343 payment
PAY-100344,ORD-500344,CUS-200344,7710.79,INR,2026-08-09T19:19:16.173Z,CARD,SUCCESS,SyntheticPay,Order ORD-500344 payment
PAY-100345,ORD-500345,CUS-200345,62125.59,INR,2026-08-06T17:08:29.810Z,CARD,SUCCESS,PayGateway,Order ORD-500345 payment
PAY-100346,ORD-500346,CUS-200346,25595.78,INR,2026-07-21T11:57:30.216Z,CARD,SUCCESS,SyntheticPay,Order ORD-500346 payment
PAY-100347,ORD-500347,CUS-200347,86200.35,INR,2026-08-21T19:18:17.985Z,CARD,SUCCESS,PayGateway,Order ORD-500347 payment
PAY-100348,ORD-500348,CUS-200348,35579.15,INR,2026-08-08T17:34:49.024Z,NETBANKING,SUCCESS,PayGateway,Order ORD-500348 payment
PAY-100349,ORD-500349,CUS-200349,98736.29,INR,2026-08-18T02:22:11.200Z,WALLET,SUCCESS,SyntheticPay,Order ORD-500349 payment
PAY-100350,ORD-500350,CUS-200350,47098.91,INR,2026-08-23T08:56:24.046Z,CARD,SUCCESS,PayGateway,Order ORD-500350 payment
PAY-100351,ORD-500351,CUS-200351,12539.33,INR,2026-07-02T17:20:24.792Z,WALLET,SUCCESS,SyntheticPay,Order ORD-500351 payment
PAY-100352,ORD-500352,CUS-200352,42048.3,INR,2026-07-20T21:34:26.282Z,WALLET,SUCCESS,SyntheticPay,Order ORD-500352 payment
PAY-100353,ORD-500353,CUS-200353,8794.98,INR,2026-07-06T01:07:59.611Z,UPI,SUCCESS,SyntheticPay,Order ORD-500353 payment
PAY-100354,ORD-500354,CUS-200354,14550.2,INR,2026-08-02T02:47:47.555Z,CARD,SUCCESS,PayGateway,Order ORD-500354 payment
PAY-100355,ORD-500355,CUS-200355,20556.72,INR,2026-07-02T22:56:17.468Z,NETBANKING,SUCCESS,SyntheticPay,Order ORD-500355 payment
PAY-100356,ORD-500356,CUS-200356,99505.21,INR,2026-08-12T22:38:05.121Z,NETBANKING,SUCCESS,PayGateway,Order ORD-500356 payment
PAY-100357,ORD-500357,CUS-200357,24699.42,INR,2026-07-07T15:43:48.101Z,NETBANKING,SUCCESS,QuickPay,Order ORD-500357 payment
PAY-100358,ORD-500358,CUS-200358,30773.55,INR,2026-07-28T01:45:37.069Z,NETBANKING,SUCCESS,QuickPay,Order ORD-500358 payment
PAY-100359,ORD-500359,CUS-200359,91501.58,INR,2026-08-23T03:17:37.895Z,WALLET,SUCCESS,QuickPay,Order ORD-500359 payment
PAY-100360,ORD-500360,CUS-200360,2659.56,INR,2026-08-29T21:45:00.270Z,WALLET,SUCCESS,QuickPay,Order ORD-500360 payment
PAY-100361,ORD-500361,CUS-200361,63301.2,INR,2026-08-22T16:32:57.447Z,NETBANKING,SUCCESS,SyntheticPay,Order ORD-500361 payment
PAY-100362,ORD-500362,CUS-200362,2928.86,INR,2026-08-21T21:58:02.079Z,CARD,SUCCESS,PayGateway,Order ORD-500362 payment
PAY-100363,ORD-500363,CUS-200363,58206.25,INR,2026-07-24T08:19:46.984Z,NETBANKING,SUCCESS,SyntheticPay,Order ORD-500363 payment
PAY-100364,ORD-500364,CUS-200364,4970.88,INR,2026-07-22T16:30:11.318Z,UPI,SUCCESS,QuickPay,Order ORD-500364 payment
PAY-100365,ORD-500365,CUS-200365,95791.49,INR,2026-07-09T14:34:35.480Z,NETBANKING,SUCCESS,QuickPay,Order ORD-500365 payment
PAY-100366,ORD-500366,CUS-200366,1240.99,INR,2026-07-21T17:27:23.476Z,NETBANKING,SUCCESS,PayGateway,Order ORD-500366 payment
PAY-100367,ORD-500367,CUS-200367,12375.15,INR,2026-08-26T11:39:01.204Z,WALLET,SUCCESS,QuickPay,Order ORD-500367 payment
PAY-100368,ORD-500368,CUS-200368,97647.89,INR,2026-07-14T20:50:59.398Z,NETBANKING,SUCCESS,QuickPay,Order ORD-500368 payment
PAY-100369,ORD-500369,CUS-200369,40311.79,INR,2026-08-14T19:38:28.311Z,NETBANKING,SUCCESS,SyntheticPay,Order ORD-500369 payment
PAY-100370,ORD-500370,CUS-200370,7109.62,INR,2026-07-12T08:11:36.174Z,UPI,SUCCESS,QuickPay,Order ORD-500370 payment
PAY-100371,ORD-500371,CUS-200371,68387.53,INR,2026-08-29T23:40:35.975Z,CARD,SUCCESS,QuickPay,Order ORD-500371 payment
PAY-100372,ORD-500372,CUS-200372,55555.86,INR,2026-08-19T05:36:23.235Z,UPI,SUCCESS,QuickPay,Order ORD-500372 payment
PAY-100373,ORD-500373,CUS-200373,45420.26,INR,2026-07-15T16:46:53.395Z,CARD,SUCCESS,PayGateway,Order ORD-500373 payment
PAY-100374,ORD-500374,CUS-200374,88623.24,INR,2026-08-12T20:59:26.102Z,CARD,SUCCESS,SyntheticPay,Order ORD-500374 payment
PAY-100375,ORD-500375,CUS-200375,13772.53,INR,2026-07-08T12:20:05.940Z,WALLET,SUCCESS,QuickPay,Order ORD-500375 payment
PAY-100376,ORD-500376,CUS-200376,1843.09,INR,2026-07-14T13:31:24.579Z,WALLET,SUCCESS,PayGateway,Order ORD-500376 payment
PAY-100377,ORD-500377,CUS-200377,70661.52,INR,2026-08-03T03:06:04.509Z,UPI,SUCCESS,SyntheticPay,Order ORD-500377 payment
PAY-100378,ORD-500378,CUS-200378,68475.8,INR,2026-08-24T16:12:11.565Z,NETBANKING,SUCCESS,SyntheticPay,Order ORD-500378 payment
PAY-100379,ORD-500379,CUS-200379,9374.84,INR,2026-07-02T12:40:32.122Z,CARD,SUCCESS,SyntheticPay,Order ORD-500379 payment
PAY-100380,ORD-500380,CUS-200380,69272.38,INR,2026-08-02T12:49:13.013Z,WALLET,SUCCESS,PayGateway,Order ORD-500380 payment
PAY-100381,ORD-500381,CUS-200381,66356.37,INR,2026-07-19T13:29:38.581Z,WALLET,SUCCESS,PayGateway,Order ORD-500381 payment
PAY-100382,ORD-500382,CUS-200382,71959.43,INR,2026-08-27T03:04:18.994Z,WALLET,SUCCESS,SyntheticPay,Order ORD-500382 payment
PAY-100383,ORD-500383,CUS-200383,13734.78,INR,2026-08-01T20:47:45.940Z,WALLET,SUCCESS,QuickPay,Order ORD-500383 payment
PAY-100384,ORD-500384,CUS-200384,58918.35,INR,2026-07-18T19:03:20.124Z,WALLET,SUCCESS,SyntheticPay,Order ORD-500384 payment
PAY-100385,ORD-500385,CUS-200385,15554.3,INR,2026-07-03T21:36:34.399Z,CARD,SUCCESS,QuickPay,Order ORD-500385 payment
PAY-100386,ORD-500386,CUS-200386,70981.64,INR,2026-07-14T00:35:23.057Z,NETBANKING,SUCCESS,SyntheticPay,Order ORD-500386 payment
PAY-100387,ORD-500387,CUS-200387,47993.35,INR,2026-08-22T17:26:40.107Z,CARD,SUCCESS,SyntheticPay,Order ORD-500387 payment
PAY-100388,ORD-500388,CUS-200388,21866.67,INR,2026-08-02T13:12:33.067Z,UPI,SUCCESS,PayGateway,Order ORD-500388 payment
PAY-100389,ORD-500389,CUS-200389,98065.65,INR,2026-08-09T16:26:13.206Z,UPI,SUCCESS,SyntheticPay,Order ORD-500389 payment
PAY-100390,ORD-500390,CUS-200390,61530.57,INR,2026-08-30T10:46:01.159Z,NETBANKING,SUCCESS,SyntheticPay,Order ORD-500390 payment
PAY-100391,ORD-500391,CUS-200391,29038.36,INR,2026-08-09T16:40:36.407Z,WALLET,SUCCESS,SyntheticPay,Order ORD-500391 payment
PAY-100392,ORD-500392,CUS-200392,17226.05,INR,2026-07-22T05:50:57.490Z,WALLET,SUCCESS,QuickPay,Order ORD-500392 payment
PAY-100393,ORD-500393,CUS-200393,76499.66,INR,2026-07-21T08:52:51.145Z,CARD,SUCCESS,QuickPay,Order ORD-500393 payment
PAY-100394,ORD-500394,CUS-200394,39486.49,INR,2026-08-26T09:10:12.297Z,WALLET,SUCCESS,QuickPay,Order ORD-500394 payment
PAY-100395,ORD-500395,CUS-200395,29967.63,INR,2026-07-09T16:56:40.343Z,UPI,SUCCESS,SyntheticPay,Order ORD-500395 payment
PAY-100396,ORD-500396,CUS-200396,22038.99,INR,2026-07-26T03:15:39.838Z,CARD,SUCCESS,PayGateway,Order ORD-500396 payment
PAY-100397,ORD-500397,CUS-200397,19680.07,INR,2026-07-29T16:42:13.615Z,UPI,SUCCESS,QuickPay,Order ORD-500397 payment
PAY-100398,ORD-500398,CUS-200398,63553.19,INR,2026-08-28T11:36:30.315Z,WALLET,SUCCESS,QuickPay,Order ORD-500398 payment
PAY-100399,ORD-500399,CUS-200399,51295.72,INR,2026-08-25T01:59:12.662Z,CARD,SUCCESS,PayGateway,Order ORD-500399 payment
PAY-100400,ORD-500400,CUS-200400,94552.21,INR,2026-07-08T21:24:39.035Z,WALLET,SUCCESS,QuickPay,Order ORD-500400 payment
PAY-100401,ORD-500401,CUS-200401,18120.95,INR,2026-08-18T10:12:41.464Z,NETBANKING,SUCCESS,PayGateway,Order ORD-500401 payment
PAY-100402,ORD-500402,CUS-200402,19757.7,INR,2026-07-23T17:50:41.513Z,WALLET,SUCCESS,PayGateway,Order ORD-500402 payment
PAY-100403,ORD-500403,CUS-200403,10009.17,INR,2026-08-29T00:54:07.746Z,CARD,SUCCESS,SyntheticPay,Order ORD-500403 payment
PAY-100404,ORD-500404,CUS-200404,18182.58,INR,2026-07-17T11:37:17.538Z,CARD,SUCCESS,QuickPay,Order ORD-500404 payment
PAY-100405,ORD-500405,CUS-200405,49012.33,INR,2026-08-20T23:03:19.086Z,UPI,SUCCESS,PayGateway,Order ORD-500405 payment
PAY-100406,ORD-500406,CUS-200406,25770.34,INR,2026-08-29T23:12:16.644Z,NETBANKING,SUCCESS,SyntheticPay,Order ORD-500406 payment
PAY-100407,ORD-500407,CUS-200407,79149.6,INR,2026-07-01T06:46:28.893Z,WALLET,SUCCESS,QuickPay,Order ORD-500407 payment
PAY-100408,ORD-500408,CUS-200408,76089.77,INR,2026-07-15T23:50:01.765Z,NETBANKING,SUCCESS,QuickPay,Order ORD-500408 payment
PAY-100409,ORD-500409,CUS-200409,97625.46,INR,2026-08-10T14:31:34.377Z,WALLET,SUCCESS,PayGateway,Order ORD-500409 payment
PAY-100410,ORD-500410,CUS-200410,39642.35,INR,2026-08-17T06:57:27.273Z,NETBANKING,SUCCESS,PayGateway,Order ORD-500410 payment
PAY-100411,ORD-500411,CUS-200411,37079.63,INR,2026-07-10T15:13:50.465Z,NETBANKING,SUCCESS,QuickPay,Order ORD-500411 payment
PAY-100412,ORD-500412,CUS-200412,35841.2,INR,2026-07-26T03:19:41.903Z,WALLET,SUCCESS,SyntheticPay,Order ORD-500412 payment
PAY-100413,ORD-500413,CUS-200413,48914.29,INR,2026-07-17T11:43:00.573Z,NETBANKING,SUCCESS,QuickPay,Order ORD-500413 payment
PAY-100414,ORD-500414,CUS-200414,63338.76,INR,2026-07-30T04:20:56.533Z,NETBANKING,SUCCESS,PayGateway,Order ORD-500414 payment
PAY-100415,ORD-500415,CUS-200415,6861.17,INR,2026-08-02T18:17:56.908Z,CARD,SUCCESS,PayGateway,Order ORD-500415 payment
PAY-100416,ORD-500416,CUS-200416,42030.56,INR,2026-07-03T14:47:01.083Z,CARD,SUCCESS,PayGateway,Order ORD-500416 payment
PAY-100417,ORD-500417,CUS-200417,96218.93,INR,2026-07-09T09:55:29.961Z,UPI,SUCCESS,SyntheticPay,Order ORD-500417 payment
PAY-100418,ORD-500418,CUS-200418,51507.65,INR,2026-08-21T15:09:14.229Z,WALLET,SUCCESS,QuickPay,Order ORD-500418 payment
PAY-100419,ORD-500419,CUS-200419,96050.76,INR,2026-08-03T10:57:08.649Z,NETBANKING,SUCCESS,PayGateway,Order ORD-500419 payment
PAY-100420,ORD-500420,CUS-200420,46785.55,INR,2026-08-22T13:32:43.943Z,CARD,SUCCESS,PayGateway,Order ORD-500420 payment
PAY-100421,ORD-500421,CUS-200421,38679.12,INR,2026-08-24T03:40:29.464Z,CARD,SUCCESS,SyntheticPay,Order ORD-500421 payment
PAY-100422,ORD-500422,CUS-200422,68516.55,INR,2026-08-10T11:37:46.336Z,CARD,SUCCESS,QuickPay,Order ORD-500422 payment
PAY-100423,ORD-500423,CUS-200423,68591.8,INR,2026-08-02T01:42:04.876Z,UPI,SUCCESS,SyntheticPay,Order ORD-500423 payment
PAY-100424,ORD-500424,CUS-200424,27476.05,INR,2026-07-17T17:58:54.543Z,WALLET,SUCCESS,SyntheticPay,Order ORD-500424 payment
PAY-100425,ORD-500425,CUS-200425,60074.98,INR,2026-07-01T22:43:48.098Z,NETBANKING,SUCCESS,QuickPay,Order ORD-500425 payment
PAY-100426,ORD-500426,CUS-200426,55750.11,INR,2026-08-15T02:44:28.867Z,CARD,SUCCESS,QuickPay,Order ORD-500426 payment
PAY-100427,ORD-500427,CUS-200427,5658.12,INR,2026-07-23T00:37:13.182Z,UPI,SUCCESS,QuickPay,Order ORD-500427 payment
PAY-100428,ORD-500428,CUS-200428,69108.37,INR,2026-08-12T06:47:53.689Z,UPI,SUCCESS,SyntheticPay,Order ORD-500428 payment
PAY-100429,ORD-500429,CUS-200429,12387.18,INR,2026-07-06T05:28:26.320Z,CARD,SUCCESS,SyntheticPay,Order ORD-500429 payment
PAY-100430,ORD-500430,CUS-200430,98243.83,INR,2026-07-25T21:32:16.113Z,UPI,SUCCESS,PayGateway,Order ORD-500430 payment
PAY-100431,ORD-500431,CUS-200431,40178.74,INR,2026-07-06T12:10:36.089Z,CARD,SUCCESS,SyntheticPay,Order ORD-500431 payment
PAY-100432,ORD-500432,CUS-200432,13266.83,INR,2026-08-05T23:11:25.596Z,CARD,SUCCESS,PayGateway,Order ORD-500432 payment
PAY-100433,ORD-500433,CUS-200433,46765.97,INR,2026-08-27T20:01:57.227Z,CARD,SUCCESS,SyntheticPay,Order ORD-500433 payment
PAY-100434,ORD-500434,CUS-200434,5773.52,INR,2026-07-19T04:32:53.262Z,NETBANKING,SUCCESS,SyntheticPay,Order ORD-500434 payment
PAY-100435,ORD-500435,CUS-200435,71948.53,INR,2026-08-08T18:14:24.446Z,WALLET,SUCCESS,PayGateway,Order ORD-500435 payment
PAY-100436,ORD-500436,CUS-200436,98738.3,INR,2026-07-11T13:42:23.950Z,UPI,SUCCESS,SyntheticPay,Order ORD-500436 payment
PAY-100437,ORD-500437,CUS-200437,63195.69,INR,2026-08-19T05:30:49.642Z,NETBANKING,SUCCESS,QuickPay,Order ORD-500437 payment
PAY-100438,ORD-500438,CUS-200438,45624.02,INR,2026-07-24T18:04:43.390Z,WALLET,SUCCESS,QuickPay,Order ORD-500438 payment
PAY-100439,ORD-500439,CUS-200439,95504.34,INR,2026-07-10T14:38:47.703Z,NETBANKING,SUCCESS,QuickPay,Order ORD-500439 payment
PAY-100440,ORD-500440,CUS-200440,47930.88,INR,2026-08-20T15:41:47.339Z,CARD,SUCCESS,SyntheticPay,Order ORD-500440 payment
PAY-100441,ORD-500441,CUS-200441,76738.52,INR,2026-07-14T11:44:23.083Z,WALLET,SUCCESS,QuickPay,Order ORD-500441 payment
PAY-100442,ORD-500442,CUS-200442,93835.55,INR,2026-08-07T20:16:58.826Z,CARD,SUCCESS,SyntheticPay,Order ORD-500442 payment
PAY-100443,ORD-500443,CUS-200443,99621.33,INR,2026-08-14T02:41:31.062Z,WALLET,SUCCESS,QuickPay,Order ORD-500443 payment
PAY-100444,ORD-500444,CUS-200444,72172.51,INR,2026-08-13T17:13:14.055Z,UPI,SUCCESS,SyntheticPay,Order ORD-500444 payment
PAY-100445,ORD-500445,CUS-200445,14372.11,INR,2026-07-23T01:50:44.598Z,CARD,SUCCESS,SyntheticPay,Order ORD-500445 payment
PAY-100446,ORD-500446,CUS-200446,91101.07,INR,2026-08-04T09:52:46.899Z,UPI,SUCCESS,QuickPay,Order ORD-500446 payment
PAY-100447,ORD-500447,CUS-200447,21101.800000000003,INR,2026-07-15T10:55:49.493Z,WALLET,SUCCESS,QuickPay,Order ORD-500447 payment
PAY-100448,ORD-500448,CUS-200448,1508.65,INR,2026-07-09T19:17:46.271Z,WALLET,SUCCESS,SyntheticPay,Order ORD-500448 payment
PAY-100449,ORD-500449,CUS-200449,94365.85,INR,2026-07-07T16:07:17.467Z,NETBANKING,SUCCESS,PayGateway,Order ORD-500449 payment
PAY-100450,ORD-500450,CUS-200450,19163.25,INR,2026-08-27T02:23:40.052Z,CARD,SUCCESS,SyntheticPay,Order ORD-500450 payment
PAY-100451,ORD-500451,CUS-200451,57963.27,INR,2026-08-21T12:39:08.644Z,NETBANKING,SUCCESS,SyntheticPay,Order ORD-500451 payment
PAY-100452,ORD-500452,CUS-200452,60228.06,INR,2026-08-09T20:21:13.606Z,CARD,SUCCESS,QuickPay,Order ORD-500452 payment
PAY-100453,ORD-500453,CUS-200453,55571.31,INR,2026-08-19T13:28:11.798Z,NETBANKING,SUCCESS,PayGateway,Order ORD-500453 payment
PAY-100454,ORD-500454,CUS-200454,36134.3,INR,2026-08-28T00:48:00.336Z,UPI,SUCCESS,QuickPay,Order ORD-500454 payment
PAY-100455,ORD-500455,CUS-200455,83299.15,INR,2026-07-16T18:25:02.600Z,NETBANKING,SUCCESS,QuickPay,Order ORD-500455 payment
PAY-100456,ORD-500456,CUS-200456,48348.22,INR,2026-08-25T08:46:46.041Z,CARD,SUCCESS,PayGateway,Order ORD-500456 payment
PAY-100457,ORD-500457,CUS-200457,30699.73,INR,2026-08-18T08:51:26.978Z,UPI,SUCCESS,SyntheticPay,Order ORD-500457 payment
PAY-100458,ORD-500458,CUS-200458,35537.21,INR,2026-08-18T13:25:48.273Z,UPI,SUCCESS,SyntheticPay,Order ORD-500458 payment
PAY-100459,ORD-500459,CUS-200459,3777.27,INR,2026-08-13T05:00:58.548Z,CARD,SUCCESS,PayGateway,Order ORD-500459 payment
PAY-100460,ORD-500460,CUS-200460,93412.02,INR,2026-08-19T07:25:06.231Z,UPI,SUCCESS,SyntheticPay,Order ORD-500460 payment
PAY-100461,ORD-500461,CUS-200461,86656.42,INR,2026-08-26T03:07:56.022Z,UPI,SUCCESS,PayGateway,Order ORD-500461 payment
PAY-100462,ORD-500462,CUS-200462,16741.9,INR,2026-08-14T10:02:26.106Z,UPI,SUCCESS,QuickPay,Order ORD-500462 payment
PAY-100463,ORD-500463,CUS-200463,58595.43,INR,2026-07-29T20:14:18.283Z,WALLET,SUCCESS,SyntheticPay,Order ORD-500463 payment
PAY-100464,ORD-500464,CUS-200464,86557.94,INR,2026-07-29T03:54:51.188Z,WALLET,SUCCESS,SyntheticPay,Order ORD-500464 payment
PAY-100465,ORD-500465,CUS-200465,75599.27,INR,2026-08-20T23:35:01.770Z,UPI,SUCCESS,SyntheticPay,Order ORD-500465 payment
PAY-100466,ORD-500466,CUS-200466,82044.47,INR,2026-08-05T00:53:45.407Z,UPI,SUCCESS,PayGateway,Order ORD-500466 payment
PAY-100467,ORD-500467,CUS-200467,60504.87,INR,2026-07-12T16:49:06.622Z,NETBANKING,SUCCESS,PayGateway,Order ORD-500467 payment
PAY-100468,ORD-500468,CUS-200468,18510.32,INR,2026-08-24T14:45:33.331Z,UPI,SUCCESS,PayGateway,Order ORD-500468 payment
PAY-100469,ORD-500469,CUS-200469,66763.56,INR,2026-08-09T23:37:14.984Z,WALLET,SUCCESS,SyntheticPay,Order ORD-500469 payment
PAY-100470,ORD-500470,CUS-200470,99413.3,INR,2026-08-08T21:45:09.077Z,CARD,SUCCESS,QuickPay,Order ORD-500470 payment
PAY-100471,ORD-500471,CUS-200471,11679.46,INR,2026-07-26T06:56:16.667Z,WALLET,SUCCESS,SyntheticPay,Order ORD-500471 payment
PAY-100472,ORD-500472,CUS-200472,79813.69,INR,2026-08-10T08:55:50.911Z,UPI,SUCCESS,PayGateway,Order ORD-500472 payment
PAY-100473,ORD-500473,CUS-200473,55670.28,INR,2026-07-14T19:56:24.302Z,CARD,SUCCESS,SyntheticPay,Order ORD-500473 payment
PAY-100474,ORD-500474,CUS-200474,94021.81000000001,INR,2026-07-18T05:36:57.707Z,NETBANKING,SUCCESS,PayGateway,Order ORD-500474 payment
PAY-100475,ORD-500475,CUS-200475,53942.44,INR,2026-07-06T06:39:21.957Z,NETBANKING,SUCCESS,SyntheticPay,Order ORD-500475 payment
PAY-100476,ORD-500476,CUS-200476,85695.41,INR,2026-08-13T22:59:17.827Z,WALLET,SUCCESS,SyntheticPay,Order ORD-500476 payment
PAY-100477,ORD-500477,CUS-200477,69910.15,INR,2026-07-17T11:33:48.079Z,UPI,SUCCESS,SyntheticPay,Order ORD-500477 payment
PAY-100478,ORD-500478,CUS-200478,58090.19,INR,2026-08-13T08:08:50.326Z,UPI,SUCCESS,PayGateway,Order ORD-500478 payment
PAY-100479,ORD-500479,CUS-200479,35880.71,INR,2026-08-26T13:38:45.495Z,WALLET,SUCCESS,PayGateway,Order ORD-500479 payment
PAY-100480,ORD-500480,CUS-200480,41661.07,INR,2026-07-15T13:30:22.797Z,NETBANKING,SUCCESS,PayGateway,Order ORD-500480 payment
PAY-100481,ORD-500481,CUS-200481,17512.38,INR,2026-08-29T23:06:58.092Z,UPI,SUCCESS,QuickPay,Order ORD-500481 payment
PAY-100482,ORD-500482,CUS-200482,94920.51000000001,INR,2026-08-12T11:35:29.513Z,WALLET,SUCCESS,QuickPay,Order ORD-500482 payment
PAY-100483,ORD-500483,CUS-200483,3351.12,INR,2026-08-25T03:36:35.638Z,WALLET,SUCCESS,SyntheticPay,Order ORD-500483 payment
PAY-100484,ORD-500484,CUS-200484,68352.58,INR,2026-07-13T06:43:07.917Z,WALLET,SUCCESS,PayGateway,Order ORD-500484 payment
PAY-100485,ORD-500485,CUS-200485,47147.13,INR,2026-08-26T20:43:25.130Z,WALLET,SUCCESS,QuickPay,Order ORD-500485 payment
PAY-100486,ORD-500486,CUS-200486,31516.32,INR,2026-07-19T02:06:20.892Z,WALLET,SUCCESS,PayGateway,Order ORD-500486 payment
PAY-100487,ORD-500487,CUS-200487,47984.97,INR,2026-07-16T08:44:58.877Z,WALLET,SUCCESS,SyntheticPay,Order ORD-500487 payment
PAY-100488,ORD-500488,CUS-200488,40148.4,INR,2026-08-29T07:14:56.589Z,NETBANKING,SUCCESS,PayGateway,Order ORD-500488 payment
PAY-100489,ORD-500489,CUS-200489,17758.62,INR,2026-07-20T06:53:56.454Z,WALLET,SUCCESS,PayGateway,Order ORD-500489 payment
PAY-100490,ORD-500490,CUS-200490,70369.94,INR,2026-08-18T13:21:37.000Z,NETBANKING,SUCCESS,QuickPay,Order ORD-500490 payment
PAY-100491,ORD-500491,CUS-200491,69360.58,INR,2026-08-15T11:39:59.486Z,UPI,SUCCESS,SyntheticPay,Order ORD-500491 payment
PAY-100492,ORD-500492,CUS-200492,12525.11,INR,2026-07-12T21:48:00.823Z,NETBANKING,SUCCESS,PayGateway,Order ORD-500492 payment
PAY-100493,ORD-500493,CUS-200493,94454.82,INR,2026-08-26T06:47:55.138Z,NETBANKING,SUCCESS,PayGateway,Order ORD-500493 payment
PAY-100494,ORD-500494,CUS-200494,62956.07,INR,2026-07-26T03:17:15.526Z,NETBANKING,SUCCESS,PayGateway,Order ORD-500494 payment
PAY-100495,ORD-500495,CUS-200495,37827.95,INR,2026-07-11T18:03:56.040Z,UPI,SUCCESS,SyntheticPay,Order ORD-500495 payment
PAY-100496,ORD-500496,CUS-200496,41141.03,INR,2026-08-11T07:40:57.924Z,CARD,SUCCESS,QuickPay,Order ORD-500496 payment
PAY-100497,ORD-500497,CUS-200497,19887.13,INR,2026-07-23T00:13:11.266Z,NETBANKING,SUCCESS,SyntheticPay,Order ORD-500497 payment
PAY-100498,ORD-500498,CUS-200498,23612.63,INR,2026-08-01T12:51:21.930Z,CARD,SUCCESS,QuickPay,Order ORD-500498 payment
PAY-100499,ORD-500499,CUS-200499,58566.41,INR,2026-07-15T05:38:24.820Z,UPI,SUCCESS,QuickPay,Order ORD-500499 payment
PAY-100500,ORD-500500,CUS-200500,18578.11,INR,2026-07-09T18:03:06.537Z,WALLET,SUCCESS,QuickPay,Order ORD-500500 payment